NDC,ATC,DRUG,DRUG_NAME_GENERIC
00469061711,L04A,Tacrolimus,Tacrolimus
00056017275,B01A,Warfarin,Warfarin
00338055002,B01A,Heparin Sodium,N/A
0,N/A,D5W,N/A
00054829725,C03C,Furosemide,Furosemide
00056016975,B01A,Warfarin,Warfarin
00056017075,B01A,Warfarin,Warfarin
00469065773,L04A,Tacrolimus,Tacrolimus
00004026001,L04A,Mycophenolate Mofetil,Mycophenolate Mofetil
00004025901,L04A,Mycophenolate Mofetil,Mycophenolate Mofetil
17314931102,N/A,Neutra-Phos,Neutra-Phos
00074779362,B01A,Heparin Sodium,N/A
00074148402,N/A,Nitroglycerin,N/A
51079001920,A06A,Docusate Sodium,Docusate Sodium
00074491023,A03B,Atropine Sulfate,Atropine Sulfate
00024540134,N05C,Zolpidem Tartrate,Zolpidem Tartrate
00074258702,N05C,Midazolam HCl,Midazolam HCl
58177032304,C01D,Nitroglycerin SL,Nitroglycerin SL
00008058107,N05B,Lorazepam,Lorazepam
00074407532,N/A,Magnesium Sulfate,Magnesium Sulfate
58177000104,A12B,Potassium Chloride,Potassium Chloride
00004692506,M01A,Ketorolac,Ketorolac
00074379501,M01A,Ketorolac,Ketorolac
00088171249,A02B,Sucralfate,Sucralfate
00002735501,J01X,Vancomycin HCl,N/A
00713016550,N02B,Acetaminophen,Acetaminophen (Rectal)
00045050130,N02B,Acetaminophen,Acetaminophen
00054465025,N02A,Oxycodone-Acetaminophen,Oxycodone-Acetaminophen
00031670972,A03F,Metoclopramide,Metoclopramide HCl
00074176201,N02A,Morphine Sulfate,Morphine Sulfate
00054354563,N02A,Meperidine,Meperidine
00338070341,B05X,Potassium Chloride,N/A
00074302401,C02D,Nitroprusside Sodium,N/A
00338001702,V06D,D5W,N/A
00517391025,A12A,Calcium Gluconate,Calcium Gluconate
00904107061,A03F,Metoclopramide,Metoclopramide HCl
00088120806,A04A,Dolasetron Mesylate,Dolasetron Mesylate
00004003822,J05A,Valganciclovir HCl,Valganciclovir HCl
00641039425,J01G,NEO*IV*Gentamicin,N/A
63323038810,J01C,NEO*IV*Ampicillin Sodium,N/A
00085036207,C07A,Labetalol HCl,Labetalol HCl
00456066270,A12B,Potassium Chloride,Potassium Chloride
00338070541,B05X,Potassium Chloride,N/A
00338004938,B05X,NS,N/A
54569482100,N01A,Propofol (Generic),N/A
00008092303,A02B,Pantoprazole Sodium,N/A
00517090125,N/A,Hydralazine HCl,Hydralazine HCl
10019001303,N01A,Propofol (Generic),N/A
00074131702,N03A,Phenytoin Sodium,N/A
00074158302,B05X,NS (Glass Bottle),N/A
67286081203,C08C,*NF* Nicardipine HCl IV,N/A
00045152510,J01M,Levofloxacin,Levofloxacin
00074158411,B05X,NS (Glass Bottle),N/A
63323017302,J01G,NEO*IV*Gentamicin,N/A
00088222033,A10A,Insulin,Insulin Glargine
00456068801,R05D,Benzonatate,Benzonatate
61787006204,N07X,Dextromethorphan-Guaifenesin (Sugar Free),Dextromethorphan-Guaifenesin (Sugar Free)
00024159601,P01B,Primaquine Phosphate,Primaquine Phosphate
00004006850,N03A,Clonazepam,Clonazepam
00054872625,H02A,Prednisone,Prednisone
00009337502,J01F,Clindamycin,N/A
00031867412,N02A,Guaifenesin-Codeine Phosphate,Guaifenesin-Codeine Phosphate
00074434113,H03A,Levothyroxine Sodium,Levothyroxine Sodium
00641040025,B01A,Heparin,Heparin Sodium
00034120081,A06A,Senna,Senna
00781188313,A02B,Ranitidine,Ranitidine HCl
00049343041,J02A,Fluconazole,Fluconazole
00173099156,J05A,Acyclovir,Acyclovir
63323022110,J01X,Vancomycin HCl,N/A
00173047001,J05A,Lamivudine,Lamivudine
61958040101,J05A,Tenofovir Disoproxil Fum.,Tenofovir Disoproxil Fum.
00087665201,J05A,Didanosine Chewable Tab,Didanosine
11980002515,N/A,Artificial Tears,Artificial Tears
00338004902,B05X,NS,N/A
00002831501,A10A,Insulin,Insulin Human NPH
51079059820,J01F,Clindamycin,Clindamycin HCl
51079069020,A07D,Loperamide HCl,Loperamide HCl
00074792201,V06D,D5W,N/A
00338268975,N02A,Morphine Sulfate,Morphine PCA
00338004304,B05X,1/2 NS,N/A
00004029809,L04A,Mycophenolate Mofetil,N/A
00338008504,B05B,D5 1/2NS,N/A
00074131230,N02A,Hydromorphone,Hydromorphone
00008084199,A02B,Pantoprazole,Pantoprazole
17714002001,R06A,Diphenhydramine HCl,Diphenhydramine HCl
00677178110,N02B,Acetaminophen,Acetaminophen
63739008901,A06A,Docusate Sodium,Docusate Sodium
00472500360,A07A,Nystatin Oral Suspension,Nystatin Oral Suspension
00093008801,J01E,Sulfameth/Trimethoprim SS,Sulfameth/Trimethoprim SS
64253033335,B01A,Heparin Flush CVL  (100 units/ml),Heparin Flush
62053053425,L04A,Anti-Thymocyte Globulin (Rabbit),N/A
00009338901,H02A,Methylprednisolone Na Succ.,N/A
00083260104,N/A,Pamidronate,N/A
51079080120,C07A,Metoprolol,Metoprolol
00069153041,C08C,Amlodipine,Amlodipine
00409610204,C03C,Furosemide,Furosemide
60977045101,A03F,Metoclopramide,Metoclopramide HCl
00406051262,N02A,Oxycodone-Acetaminophen,Oxycodone-Acetaminophen
00338004904,B05X,NS,N/A
00517260225,A12C,Magnesium Sulfate,Magnesium Sulfate
55390007310,C07A,Metoprolol,Metoprolol
00172439018,R03A,Albuterol,Albuterol Inhaler
55513053010,L03A,Filgrastim,N/A
00054872925,H02A,Prednisone,Prednisone
00469060773,L04A,Tacrolimus,Tacrolimus
51079055271,A06A,Bisacodyl,Bisacodyl (Rectal)
00074176230,N02A,Morphine Sulfate,Morphine Sulfate (2-4mg)
00045006801,J01M,Levofloxacin,N/A
00074781124,J01X,Metronidazole,N/A
00002821501,A10A,Humulin-R Insulin,N/A
00074177825,C07A,Metoprolol,Metoprolol
11098003002,N01A,Fentanyl Citrate,Fentanyl Citrate
00074125901,N02A,Morphine Sulfate,Morphine Sulfate (1-5mg)
00641037625,N04A,Diphenhydramine HCl,Diphenhydramine HCl
00145062805,N/A,Sarna Lotion,Sarna Lotion
54569475100,N/A,Propofol (Generic),Propofol (Generic)
00045025501,N05A,Haloperidol,Haloperidol
54569407300,N01A,Propofol (Diprivan),Propofol (Diprivan)
51079029920,C02A,Clonidine HCl,Clonidine HCl
00168006015,C05A,Fluocinolone 0.025% Cream,Fluocinolone 0.025% Cream
00206845525,J01C,Piperacillin-Tazobactam Na,N/A
49502069703,R03A,Albuterol Neb Soln,Albuterol Neb Soln
49502068503,R03B,Ipratropium Bromide Neb,Ipratropium Bromide Neb
62584078833,N/A,Metoprolol,Metoprolol
62584072533,N05A,Haloperidol,Haloperidol
51079080220,C07A,Metoprolol,Metoprolol
51079075920,C07A,Atenolol,Atenolol
00091371501,C09A,Moexipril HCl,Moexipril HCl
51079028320,A03F,Metoclopramide,Metoclopramide HCl
00071015623,C10A,Atorvastatin,Atorvastatin
17714001110,N02B,Aspirin EC,Aspirin EC
59772704602,C09A,Captopril,Captopril
00074797308,N/A,Sterile Water,N/A
00074665106,B05X,Potassium Chloride,N/A
59676030401,B03X,Epoetin Alfa,N/A
00045152010,J01M,Levofloxacin,Levofloxacin
50111032703,C02D,HydrALAZINE HCl,HydrALAZINE HCl
00085330601,C01D,Isosorbide Mononitrate (Extended Release),Isosorbide Mononitrate (Extended Release)
51079025520,C07A,Metoprolol,Metoprolol
00182055589,C02D,HydrALAZINE HCl,HydrALAZINE HCl
00085411001,C01D,Isosorbide Mononitrate (Extended Release),Isosorbide Mononitrate (Extended Release)
00056017675,B01A,Warfarin,Warfarin
55390005710,C01B,Amiodarone HCl,N/A
00264751020,V06D,D5W (EXCEL BAG),N/A
53014097572,C03B,Metolazone,Metolazone
00409792337,V06D,D5W,N/A
58177000111,A12B,Potassium Chloride,Potassium Chloride
00517571025,C03C,Furosemide,N/A
51079090601,C01B,Amiodarone HCl,Amiodarone HCl
49884079374,C09A,Captopril,Captopril
00713010113,A06A,Glycerin Supps,Glycerin Supps
00310013039,C09A,Lisinopril,Lisinopril
00006494300,N/A,Pneumococcal Vac Polyvalent,Pneumococcal Vac Polyvalent
59762501801,J02A,Fluconazole,Fluconazole
00338055318,B05X,NS (Mini Bag Plus),N/A
00074455211,H03A,Levothyroxine Sodium,Levothyroxine Sodium
00310032520,J01D,Meropenem,N/A
00548590000,H01A,Cosyntropin,Cosyntropin
00074372301,N07A,Neostigmine,Neostigmine
00517460125,A03A,Glycopyrrolate,Glycopyrrolate
00074180001,C01C,Phenylephrine HCl,N/A
51079033530,A06A,Docusate Sodium (Liquid),Docusate Sodium (Liquid)
00173038354,A02B,Ranitidine,Ranitidine HCl
51079000522,N02B,Aspirin,Aspirin
00074663722,N/A,Sodium Bicarbonate,Sodium Bicarbonate
00074610204,C03C,Furosemide,Furosemide
00121043130,A02A,Milk of Magnesia,Milk Of Magnesia
00087606005,A10B,Metformin,Metformin
51079028120,B03B,Ibuprofen,Ibuprofen
51079087101,A02B,Sucralfate,Sucralfate
55390048101,M01A,Ketorolac,Ketorolac
00338011704,G01A,LR,N/A
51079000220,N02B,Acetaminophen,Acetaminophen
00904770418,N02B,Aspirin EC,Aspirin EC
00904404073,N02B,Aspirin,Aspirin
00904526161,A02B,Ranitidine,Ranitidine HCl
00121075210,A02B,Ranitidine,Ranitidine (Liquid)
00121054410,A06A,Docusate Sodium (Liquid),Docusate Sodium (Liquid)
00074117830,N02A,Meperidine,Meperidine
00338355248,J01X,Vancomycin HCl,N/A
10019016312,C01C,Phenylephrine HCl,N/A
00310030011,N01A,Propofol,Propofol
62174057751,N/A,Neostigmine,Neostigmine
10019001617,A03A,Glycopyrrolate,Glycopyrrolate
55390048001,M01A,Ketorolac,Ketorolac
00074241512,N02A,Hydromorphone,Hydromorphone HCl
00338004903,B05X,NS,N/A
00591083960,N06A,BuPROPion (Sustained Release),BuPROPion (Sustained Release)
54569189502,A06A,Bisacodyl,Bisacodyl (Rectal)
66689036430,N/A,Milk of Magnesia,Milk Of Magnesia
00054839424,N02A,Hydromorphone,Hydromorphone HCl
00074131701,N03A,Phenytoin Sodium,N/A
00338001703,V06D,D5W,N/A
51079012620,P01A,Metronidazole,Metronidazole
00338001731,V06D,D5W,N/A
00074212202,C09A,Enalaprilat,N/A
54868277600,N03A,Phenytoin,Phenytoin (Suspension)
00300304613,A02B,Lansoprazole Oral Suspension,Lansoprazole Oral Suspension
51079007520,C02D,Hydralazine HCl,Hydralazine HCl
60976034647,C07A,Labetalol HCl,Labetalol HCl
51079007620,C02D,Hydralazine HCl,Hydralazine HCl
00074771503,N/A,Mannitol,N/A
00256015201,N/A,Sodium Chloride Nasal,Sodium Chloride Nasal
00074144304,C01C,Norepinephrine,N/A
00074978901,N/A,NEO*IV*Fat Emulsion,N/A
00338002304,V06D,D10W,N/A
00517293025,B05X,Sodium Chloride,N/A
00182138167,B03A,NEO*PO*Ferrous Sulfate Elixer,NEO*PO*Ferrous Sulfate Elixer
49281027183,N/A,Tetanus-Diphtheria Toxoids-Td,N/A
00517490125,H02A,Dexamethasone,Dexamethasone Sod Phosphate
00054418425,H02A,Dexamethasone,Dexamethasone
00781305714,A04A,Ondansetron,Ondansetron
51079090520,N03A,Phenytoin,Phenytoin Sodium Extended
00182844789,N02B,Acetaminophen,Acetaminophen
67618030011,A06A,Senna,Senna
00338067104,B05B,Potassium Chl 20 mEq / 1000 mL D5 1/2 NS,N/A
00338069104,A12B,Potassium Chl 20 mEq / 1000 mL NS,N/A
00406051201,N02A,Oxycodone-Acetaminophen,Oxycodone-Acetaminophen
00641036725,H02A,Dexamethasone,Dexamethasone Sod Phosphate
00121048910,R06A,DiphenhydrAMINE,DiphenhydrAMINE
00409131230,N02A,HYDROmorphone (Dilaudid),HYDROmorphone (Dilaudid)
50474059540,N03A,Levetiracetam,Levetiracetam
00641049125,N05A,Prochlorperazine,Prochlorperazine
00409771503,B05B,Mannitol 20%,N/A
00409158411,B05X,NS (Glass Bottle),N/A
00008092355,A02B,Pantoprazole Sodium,N/A
00409131701,N03A,Phenytoin Sodium,N/A
00409158302,B05X,NS (Glass Bottle),N/A
00641255545,N03A,Phenytoin Sodium,N/A
00409302401,C02D,Nitroprusside Sodium,N/A
00641092825,R06A,Promethazine HCl,Promethazine HCl
00409125830,N02A,Morphine Sulfate,Morphine Sulfate (Syringe)
00409117830,N02A,Meperidine,Meperidine
00338050941,J01G,Gentamicin,N/A
00406055201,N02A,OxycoDONE (Immediate Release) ,OxycoDONE (Immediate Release) 
00904399061,N06A,traZODONE HCl,traZODONE HCl
00781526564,A04A,Ondansetron,Ondansetron ODT
00085124402,L01A,*NF* Temozolomide,*NF* Temozolomide
00085125902,L01A,*NF* Temozolomide,*NF* Temozolomide
10939033733,C05A,Fish Oil (Omega 3),Fish Oil (Omega 3)
00245008201,N/A,Multivitamins,Multivitamins
00007313705,J01D,Cefazolin,N/A
00074915801,B02B,Phytonadione,Phytonadione
10019003867,N01A,Fentanyl Citrate,Fentanyl Citrate
00003045051,C09A,Captopril,Captopril
00074491134,A03B,Atropine Sulfate,Atropine Sulfate
61379012005,B01A,Tirofiban,N/A
51079028520,N05B,Diazepam,Diazepam
00071015823,C10A,Atorvastatin,Atorvastatin
63653117103,B01A,Clopidogrel Bisulfate,Clopidogrel Bisulfate
51079068420,C07A,Atenolol,Atenolol
00074198530,N05B,Lorazepam,Lorazepam
51079041720,N05B,Lorazepam,Lorazepam
00045006701,J01M,Levofloxacin,N/A
00074665305,B05X,Potassium Chloride,N/A
00085113601,B01A,Eptifibatide,N/A
00173041200,J01D,Ceftazidime,N/A
00071015723,C10A,Atorvastatin,Atorvastatin
00087057007,R05C,Acetylcysteine 20%,Acetylcysteine 20%
00165002241,A02A,Magnesium Oxide,Magnesium Oxide
00054829925,C03C,Furosemide,Furosemide
00054812025,A07X,Calcium Carbonate,Calcium Carbonate
00069580043,C01B,Dofetilide,Dofetilide
51079095220,C09A,Enalapril Maleate,Enalapril Maleate
00186109005,C07A,Metoprolol XL,Metoprolol XL
00006004368,B02B,Phytonadione,Phytonadione
51079010320,C03D,Spironolactone,Spironolactone
00173024256,C01A,Digoxin,Digoxin
58016066890,N06A,Sertraline,Sertraline
63739002401,N02B,Aspirin,Aspirin
00074490234,V06D,Dextrose 50%,Dextrose 50%
00173017755,N06A,BuPROPion,BuPROPion
00245010450,A06A,Bisacodyl,Bisacodyl (Rectal)
57664027408,N03A,Clonazepam,Clonazepam
00310075590,C10A,Rosuvastatin Calcium,Rosuvastatin Calcium
51079042820,N06A,traZODONE HCl,traZODONE HCl
00456201063,N06A,Escitalopram Oxalate,Escitalopram Oxalate
00310027539,N05A,Quetiapine Fumarate,Quetiapine Fumarate
00904794160,N06A,Nortriptyline,Nortriptyline HCl
00067033062,A02A,Aluminum-Magnesium Hydrox.-Simethicone,Aluminum-Magnesium Hydrox.-Simethicone
51079001420,A11D,Thiamine HCl,Thiamine HCl
51079004120,V04C,Folic Acid,Folic Acid
00186109039,C07A,Metoprolol XL,Metoprolol XL
00006353750,A02B,Famotidine,N/A
00574703412,N02B,Aspirin,Aspirin (Rectal)
00002411260,N05A,Olanzapine,Olanzapine
66553000401,A02A,Calcium Carbonate,Calcium Carbonate (Tums)
51079039620,N02B,Acetaminophen,Acetaminophen
10432017002,A11C,Vitamin D,Vitamin D
00007313505,J01D,Cefazolin,N/A
00173034447,A02B,Ranitidine,Ranitidine HCl
00054865024,N02A,Oxycodone-Acetaminophen,Oxycodone-Acetaminophen
00074125801,N02A,Morphine Sulfate,Morphine Sulfate
00074724803,B05A,Hespan,N/A
00078035806,C09C,Diovan,*NF* Valsartan
51079036430,A02A,Milk of Magnesia,Milk Of Magnesia
51079047821,N05B,Oxazepam,Oxazepam
51079081020,A10B,Glipizide,Glipizide
54569536200,C09C,Diovan,*NF* Valsartan
00006074928,C10A,Simvastatin,Simvastatin
00074663734,B05X,Sodium Bicarbonate,Sodium Bicarbonate
00338001704,V06D,D5W,N/A
00004014301,A11C,Calcitriol,Calcitriol
00006361932,N/A,Chlorothiazide Sodium,N/A
00131422009,A07X,Polysaccharide Iron Complex,Iron Polysaccharides Complex
00049491041,N06A,Sertraline HCl,Sertraline HCl
54162060002,N/A,Eucerin,Eucerin
00054817525,H02A,Dexamethasone,Dexamethasone
63323026201,B01A,Heparin,Heparin Sodium
00045006601,J01M,Levofloxacin,N/A
00054817625,H02A,Dexamethasone,Dexamethasone
51079045120,C08C,Amlodipine,Amlodipine
00904224461,A06A,Docusate Sodium,Docusate Sodium
00536338101,A06A,Bisacodyl,Bisacodyl
00574705050,A06A,Bisacodyl,Bisacodyl (Rectal)
00904516561,A06A,Senna,Senna
60258000601,A09A,Neutra-Phos,Neutra-Phos
61553008348,N/A,Calcium Gluconate,N/A
00409672924,A12C,Magnesium Sulfate,N/A
24477003025,C08C,NiCARdipine IV,N/A
58177020211,A12B,Potassium Chloride,Potassium Chloride
00409148402,N/A,Nitroglycerin,N/A
00703450204,A03F,Metoclopramide,Metoclopramide
00409176230,N02A,Morphine Sulfate,Morphine Sulfate (Syringe)
00074929613,H03A,Levothyroxine Sodium,Levothyroxine Sodium
00409490234,V06D,Dextrose 50%,Dextrose 50%
00487950125,R03A,Albuterol 0.083% Neb Soln,Albuterol 0.083% Neb Soln
00517570425,C03C,Furosemide,Furosemide
10019011501,C07A,Esmolol,Esmolol
10019005561,C07A,Esmolol,N/A
00904504561,C09A,Captopril,Captopril
55289061401,A10B,GlyBURIDE,GlyBURIDE
10019002803,N05C,Midazolam,Midazolam
17270072101,R03A,Albuterol,Albuterol Inhaler
55390046001,S01E,AcetaZOLamide Sodium,N/A
00338001710,V06D,D5W,N/A
00487980125,R03B,Ipratropium Bromide Neb,Ipratropium Bromide Neb
00173071900,R03B,Fluticasone Propionate 110mcg,Fluticasone Propionate 110mcg
00597001314,R03A,Albuterol-Ipratropium,Albuterol Sulfate-Ipratropium
59930156001,R03A,Albuterol,Albuterol Inhaler
00378001801,C07A,Metoprolol,Metoprolol
00039022110,A10B,Amaryl,*NF* Glimepiride
00597005801,G04C,Tamsulosin HCl,Tamsulosin HCl
00003517806,C10A,Pravastatin,Pravastatin
00173069502,R03B,Fluticasone-Salmeterol (100/50),Fluticasone-Salmeterol (100/50)
00008418806,C01B,Amiodarone HCl,Amiodarone HCl
00641047725,N03A,Phenobarbital Sodium,N/A
00074377805,N05C,Pentobarbital Sodium,N/A
00074377804,N05C,Pentobarbital Sodium,N/A
00074234301,N03A,Phenobarbital,Phenobarbital
00338004931,B05X,NS,N/A
00173099501,J05A,Acyclovir,N/A
00008058113,N05B,Lorazepam,N/A
00338001738,V06D,D5W,N/A
00074706811,H03A,Levothyroxine Sodium,Levothyroxine Sodium
51079095120,C09A,Enalapril Maleate,Enalapril Maleate
00781155613,C01D,Isosorbide Dinitrate,Isosorbide Dinitrate
00186108805,C07A,Metoprolol XL,Metoprolol XL
00074793124,C01B,Lidocaine,N/A
00074132305,C01B,Lidocaine,Lidocaine
00597006661,C01B,Mexiletine HCl,Mexiletine HCl
00517460525,A03A,Glycopyrrolate,Glycopyrrolate
00074724101,C01C,Epinephrine,N/A
00713016512,N02B,Acetaminophen,Acetaminophen (Rectal)
00074518211,H03A,Levothyroxine Sodium,Levothyroxine Sodium
00703115303,C01C,Norepinephrine,N/A
00088110749,R06A,Fexofenadine,Fexofenadine
00009514001,J01X,Linezolid,N/A
66591018442,N/A,Multivitamin IV,N/A
00338114403,B05B,Amino Acids 4.25% W/ Dextrose 5%,N/A
00075245101,H01B,Desmopressin Acetate,N/A
55390088010,H03A,Levothyroxine Sodium,Levothyroxine Sodium
61570042001,H01B,Vasopressin,N/A
63323022905,V03A,Protamine Sulfate,N/A
00074606211,N02A,Morphine Sulfate,N/A
00074490334,C01B,Lidocaine,Lidocaine
63323023861,J01D,Cefazolin,N/A
10019001654,A03A,Glycopyrrolate,Glycopyrrolate
00310030050,N01A,Propofol,N/A
00074380711,G04C,Terazosin HCl,Terazosin HCl
00071015640,C10A,Atorvastatin,Atorvastatin
00245006101,B03A,Ferrous Gluconate,Ferrous Gluconate
00071036940,N03A,Phenytoin,Phenytoin Sodium Extended
00409198530,N05B,Lorazepam,Lorazepam
00172376010,C09A,Lisinopril,Lisinopril
51079045620,C10A,Simvastatin,Simvastatin
00074233411,N02A,HYDROmorphone (Dilaudid),HYDROmorphone PCA
00264310311,J01D,CefazoLIN,N/A
49502069724,R03A,Albuterol 0.083% Neb Soln,Albuterol 0.083% Neb Soln
10019003783,N01A,Fentanyl Citrate,N/A
10019002710,N05C,Midazolam,N/A
00409779362,B01A,Heparin Sodium,N/A
55390076210,N01A,Etomidate,Etomidate
00597008717,R03B,Ipratropium Bromide MDI,Ipratropium Bromide HFA
54569523500,A01A,Chlorhexidine Gluconate 0.12% Oral Rinse,Chlorhexidine Gluconate
59310057920,R03A,Albuterol Inhaler,Albuterol Inhaler (ProAir)
10019002804,N05C,Midazolam,Midazolam
00409662902,M03A,Succinylcholine,Succinylcholine
00338500241,J01D,CeftriaXONE,N/A
00409121201,A06A,Naloxone,Naloxone
37205036374,N07B,Nicotine Patch,Nicotine Patch
00409729501,B05B,Potassium Phosphate,N/A
00172474110,N06A,Citalopram Hydrobromide,Citalopram Hydrobromide
00006007228,D11A,Finasteride,Finasteride
58177022211,C01D,Isosorbide Mononitrate (Extended Release),Isosorbide Mononitrate (Extended Release)
00591564301,C02D,Minoxidil,Minoxidil
00009454101,G04B,Tolterodine,Tolterodine
00172375810,C09A,Lisinopril,Lisinopril
00766145010,N07B,Nicotine Patch,Nicotine Patch
52959067430,A06A,Bisacodyl,Bisacodyl
00054848616,A06A,Lactulose,Lactulose
51079038620,N05B,Lorazepam,Lorazepam
00409180001,C01C,Phenylephrine,N/A
00009337501,J01F,Clindamycin,N/A
54569532200,N/A,Doxycycline Hyclate,N/A
00065041435,N/A,Lacri-Lube Oint,Lacri-Lube Oint
50474059240,N03A,Levetiracetam,Levetiracetam
00074568216,N03A,Valproic Acid,Valproic Acid
00074156410,N03A,Valproate Sodium,N/A
00074567102,H02A,Hydrocortisone Na Succ.,N/A
00555099702,H02A,Fludrocortisone Acetate,Fludrocortisone Acetate
00052073112,N/A,Cosyntropin,Cosyntropin
00004200278,J01D,Ceftriaxone,N/A
00173052000,R03A,Salmeterol Xinafoate Diskus (50 mcg),Salmeterol Xinafoate Diskus (50 mcg)
00173049400,R03B,Fluticasone Propionate 110mcg,Fluticasone Propionate 110mcg
00409662502,B05X,Sodium Bicarbonate,N/A
10019025112,A03B,Atropine Sulfate,Atropine Sulfate
00071015540,C10A,Atorvastatin,Atorvastatin
00023917705,S01G,Brimonidine Tartrate 0.15% Ophth.,Brimonidine Tartrate 0.15% Ophth.
00074662411,H03A,Levothyroxine Sodium,Levothyroxine Sodium
61553011841,N01A,Fentanyl Citrate,N/A
61553019648,N05C,Midazolam,N/A
60505056802,S01E,Dorzolamide 2%/Timolol 0.5% Ophth.,Dorzolamide 2%/Timolol 0.5% Ophth.
33332001001,J07B,Influenza Virus Vaccine,Influenza Virus Vaccine *Latex Free*
00006473900,N/A,Pneumococcal Vac Polyvalent,PNEUMOcoccal Vac Polyvalent
00071015740,C10A,Atorvastatin,Atorvastatin
00406717162,N02A,TraMADOL (Ultram),TraMADOL (Ultram)
00143989701,J01D,Cephalexin,Cephalexin
51079090620,C01B,Amiodarone,Amiodarone
51079007220,C03C,Furosemide,Furosemide
00121475210,A02B,Ranitidine,Ranitidine (Liquid)
63304094110,J01D,CefazoLIN,N/A
00121065721,N02B,Acetaminophen,Acetaminophen (Liquid)
52769045050,B05A,Albumin 5% (25 g),Albumin 5% (25 g)
00409663734,B05X,Sodium Bicarbonate,Sodium Bicarbonate
00703095603,J01M,Ciprofloxacin IV,N/A
00007440701,B01A,Argatroban,N/A
00409724101,C01C,Epinephrine,N/A
00409163802,N05C,Dexmedetomidine HCl,N/A
37205014472,N/A,Ascorbic Acid,Ascorbic Acid
00731040106,B05X,Zinc Sulfate,Zinc Sulfate
37205036174,N07B,Nicotine Patch,Nicotine Patch
60505251903,N06A,Citalopram Hydrobromide,Citalopram Hydrobromide
00172531210,J01M,Ciprofloxacin HCl,Ciprofloxacin HCl
51079073320,N05A,Haloperidol,Haloperidol
00245005301,B03A,Ferrous Sulfate,Ferrous Sulfate
00182050789,V04C,FoLIC Acid,FoLIC Acid
00093521193,A02B,Omeprazole,Omeprazole
00555077002,D11A,Finasteride,Finasteride
51079074520,C08D,Diltiazem,Diltiazem
66553000801,N/A,Sodium Bicarbonate,Sodium Bicarbonate
58914011110,A09A,Viokase 8,Viokase 8
00904272561,J01E,Sulfameth/Trimethoprim DS,Sulfameth/Trimethoprim DS
55390010901,J01F,Clindamycin,N/A
63323016501,H02A,Dexamethasone,Dexamethasone Sod Phosphate
49502068524,R03B,Ipratropium Bromide Neb,Ipratropium Bromide Neb
66591091332,N02A,Oxycodone Liquid,Oxycodone Liquid
00641276543,J01E,Sulfameth/Trimethoprim,N/A
00054814622,A01A,Clotrimazole,Clotrimazole
00406055262,N02A,OxycoDONE (Immediate Release) ,OxycoDONE (Immediate Release) 
00093730165,A04A,Ondansetron ODT,Ondansetron ODT
51079096620,A02B,Famotidine,Famotidine (PO)
00009454401,G04B,Tolterodine,Tolterodine
00173024956,C01A,Digoxin,Digoxin
00310013239,C09A,Lisinopril,Lisinopril
00007414020,C07A,Carvedilol,Carvedilol
00049275041,C02C,Doxazosin,Doxazosin
00025540134,N05C,Zolpidem Tartrate,Zolpidem Tartrate
00006336603,S01E,Timolol Maleate 0.25%,Timolol Maleate 0.25%
00049276041,C02C,Doxazosin,Doxazosin
00456402063,N06A,Citalopram Hydrobromide,Citalopram Hydrobromide
00074636902,J01F,Erythromycin,Erythromycin Ethylsuccinate
00074662502,B05X,Sodium Bicarbonate,N/A
00409144304,C01C,Norepinephrine,N/A
00008081401,C01B,Amiodarone HCl,N/A
00034180080,A06A,Senna,Senna
63323016101,M01A,Ketorolac,Ketorolac
51079051920,N05A,ChlorproMAZINE,ChlorproMAZINE
00641139735,N05A,ChlorproMAZINE,ChlorproMAZINE
00904174861,B03B,Ibuprofen,Ibuprofen
00121174410,R05C,Guaifenesin,Guaifenesin
54868410300,J01G,Gentamicin Sulfate,N/A
00300154430,A02B,Lansoprazole Oral Disintegrating Tab,Lansoprazole Oral Disintegrating Tab
00074438220,M03A,Cisatracurium Besylate,N/A
59310017780,R03B,Qvar,*NF* Beclomethasone Dipropionate Inhalation
00456261390,C08D,Diltiazem Extended-Release,Diltiazem Extended-Release
00338080304,B05B,Potassium Chl 20 mEq / 1000 mL D5NS,N/A
00310030022,N01A,Propofol,Propofol
00300304611,A02B,Lansoprazole,Lansoprazole
00023050601,S03A,Artificial Tears,Artificial Tears Preserv. Free
00054817925,H02A,Dexamethasone,Dexamethasone
51079074620,C08D,Diltiazem,Diltiazem
00007414120,C07A,Carvedilol,Carvedilol
00487980130,R03B,Ipratropium Bromide Neb,Ipratropium Bromide Neb
00173049800,R03B,Fluticasone Propionate 110mcg,Fluticasone Propionate 110mcg
00071036240,N03A,Phenytoin,Phenytoin Sodium Extended
00409665305,B05X,Potassium Chloride,N/A
16837085839,N/A,Simethicone,Simethicone
00409127332,N05B,Diazepam,Diazepam
00132010915,N/A,Fleet Phospho-Soda,Fleet Phospho-Soda
00007336721,N05A,Prochlorperazine,Prochlorperazine Maleate
00338008904,B05B,D5NS,N/A
00536242558,D08A,Phenaseptic Throat Spray,Phenaseptic Throat Spray
58177003106,A09A,Pangestyme-EC,Pangestyme-EC
55390003710,M03A,Vecuronium Bromide,Vecuronium Bromide
00074317801,N01B,Lidocaine 1%/Epinephrine 1:100000,Lidocaine 1%/Epinephrine 1:100000
00186103001,N01B,Bupivacaine 0.25%,Bupivacaine 0.25%
00054864816,N02A,Oxycodone-Acetaminophen Elixir,Oxycodone-Acetaminophen Elixir
00074228831,M01A,Ketorolac,Ketorolac
00186021003,C01B,Lidocaine 1%,Lidocaine 1% PF
00056017375,B01A,Warfarin,Warfarin
00015740520,J01C,Ampicillin Sodium,N/A
51079032220,N02A,Propoxyphene Nap.-Apap (N-100),Propoxyphene Nap.-Apap (N-100)
00006073528,C10A,Simvastatin,Simvastatin
63323001302,A11D,Thiamine HCl,Thiamine HCl
51079041820,N05C,Temazepam,Temazepam
00409781124,J01X,MetRONIDAZOLE (FLagyl),N/A
00182402889,B03A,Ferrous Sulfate,Ferrous Sulfate
00121053005,B03A,Ferrous Sulfate,Ferrous Sulfate (Liquid)
00075062280,B01A,Enoxaparin Sodium,Enoxaparin Sodium
00087607005,A10B,Metformin,Metformin
00409491134,A03B,Atropine Sulfate,Atropine Sulfate
51674000901,N02B,Acetaminophen-Caff-Butalbital,Acetaminophen-Caff-Butalbital
00310013110,C09A,Lisinopril,Lisinopril
54868439600,C07A,Carvedilol,Carvedilol
00338005403,B05X,Sodium Chloride 3% (Hypertonic),N/A
00054881611,V04C,Sodium Polystyrene Sulfonate,Sodium Polystyrene Sulfonate
00002202402,A12C,Sodium Chloride,Sodium Chloride
00054375150,N02A,Morphine Sulfate (Concentrated Oral Soln),Morphine Sulfate (Concentrated Oral Soln)
00074126102,N02A,Morphine Sulfate,Morphine Sulfate (1-10mg)
00067434504,A04A,Scopolamine Patch,Scopolamine Patch
52959036100,N06A,Sertraline,Sertraline
68084006501,B03B,Nephrocaps,Nephrocaps
00264751010,V06D,D5W (Excel),N/A
00015301238,L01A,Carmustine,N/A
54569482400,L03A,Filgrastim,N/A
00338917791,N/A,Glutamine,Glutamine
00126008802,A01A,Prevident Mint Gel 1.1%,Prevident Mint Gel 1.1%
00026851348,J01M,Ciprofloxacin HCl,Ciprofloxacin HCl
11098001001,N/A,Droperidol,Droperidol
00173044202,A04A,Ondansetron,N/A
00009090020,H02A,Hydrocortisone Na Succ.,N/A
00074739172,B05B,Sodium Phosphate,N/A
67919001101,J01X,Daptomycin,N/A
00074729501,N/A,Potassium Phosphate,N/A
00409116202,N01B,Bupivacaine 0.5%,N/A
00395421010,A06A,Magnesium Citrate,Magnesium Citrate
59011010325,N02A,Oxycodone (Sustained Release),Oxycodone (Sustained Release)
00006096328,A02B,Famotidine,Famotidine (PO)
00089130130,C01D,Nitroglycerin Patch,Nitroglycerin Patch
00186001628,C09C,Atacand,*NF* Candesartan Cilexetil
51079020620,M04A,Allopurinol,Allopurinol
00364071605,C01B,Procainamide SR,Procainamide SR
00172234560,C01B,Procainamide HCl,Procainamide HCl
50962080060,A01A,Chlorhexidine Gluconate,Chlorhexidine Gluconate
00088120632,A04A,Dolasetron Mesylate,Dolasetron Mesylate
00121073312,A02A,Aluminum Hydroxide Suspension,Aluminum Hydroxide Suspension
50962025160,A07A,Nystatin Oral Suspension,Nystatin Oral Suspension
17314940002,A01A,Clotrimazole,Clotrimazole
00088120329,A04A,Dolasetron Mesylate,Dolasetron Mesylate
00015309520,L01C,Etoposide,N/A
55390013110,L01B,Cytarabine,N/A
00074323601,A12B,Parenteral Nutrition (TPN),Parenteral Nutrition (TPN)
00067094915,D01A,Miconazole Powder 2%,Miconazole Powder 2%
63323031461,J01X,Vancomycin HCl,N/A
59572030101,L01A,Melphalan HCl,N/A
52544093001,A05A,Ursodiol,Ursodiol
00364049590,N05B,Hydroxyzine HCl,Hydroxyzine HCl
00074792337,V06D,D5W,N/A
51479005520,J01D,Cefepime,N/A
61703041463,J02A,Fluconazole,N/A
00469305130,J02A,Ambisome,N/A
00054865724,N02A,Oxycodone,Oxycodone
10356009004,N/A,Eucerin,Eucerin
51479004210,J01D,Aztreonam,N/A
50242004413,B01A,Alteplase (Catheter Clearance),Alteplase (Catheter Clearance)
00310032130,J01D,Meropenem,N/A
10019002805,N05C,Midazolam HCl,Midazolam HCl
00074115170,B01A,HEPARIN,Heparin Lock Flush
51079079001,N05B,Alprazolam,Alprazolam
50474059440,N03A,Levetiracetam,Levetiracetam
00409915801,B02B,Phytonadione,Phytonadione
00338101948,J01C,Nafcillin,N/A
00182004789,A11D,Thiamine HCl,Thiamine HCl
00074241612,N02A,HYDROmorphone (Dilaudid),HYDROmorphone (Dilaudid)
51079098020,C03D,Spironolactone,Spironolactone
51479005420,J01D,CefePIME,N/A
52769025105,B05A,Albumin 25% (12.5 g),Albumin 25% (12.5 g)
44206025110,B05A,"Albumin, Human",N/A
55390016110,H01C,Octreotide Acetate,N/A
54092000301,C01C,Midodrine,Midodrine
00006382210,J02A,Caspofungin,N/A
62701080001,L01X,*NF* Pentostatin,N/A
00015054841,N/A,Cyclophosphamide,N/A
55045122403,N/A,Bactrim Desensitization,Bactrim Desensitization
00009011312,H02A,Methylprednisolone Na Succ,N/A
00904518661,R02A,Ibuprofen,Ibuprofen
00597000302,J05A,Tipranavir,Tipranavir
00074663322,J05A,Ritonavir,Ritonavir
00173066200,J05A,Lamivudine,Lamivudine
00173010856,J05A,Zidovudine,Zidovudine
00173054700,P01A,Atovaquone Suspension,Atovaquone Suspension
63323087715,P01C,Pentamidine Inhalation,Pentamidine Inhalation
00074131202,N02A,Hydromorphone,Hydromorphone
00006351659,J01D,Imipenem-Cilastatin,N/A
61703022321,N02A,Morphine Sulfate,N/A
61703022521,N02A,Morphine Sulfate,N/A
00548301100,C05A,Lidocaine Jelly 2% (Urojet),Lidocaine Jelly 2% (Urojet)
57480043401,G04B,Oxybutynin,Oxybutynin
61703041464,J02A,Fluconazole,N/A
00173041300,J01D,Ceftazidime,N/A
00024156210,P01B,Hydroxychloroquine Sulfate,Hydroxychloroquine Sulfate
00004200378,J01D,Ceftriaxone,N/A
00641149535,R06A,Promethazine HCl,Promethazine HCl
00168000315,D07A,Triamcinolone Acetonide 0.025% Cream,Triamcinolone Acetonide 0.025% Cream
00009082501,H02A,Hydrocortisone Na Succ.,N/A
00054872425,H02A,Prednisone,Prednisone
51079052220,J01A,Doxycycline Hyclate,Doxycycline Hyclate
00004694003,J05A,Ganciclovir,N/A
51079043420,G03A,Megestrol Acetate,Megestrol Acetate
50458022115,D01A,Ketoconazole 2% ,Ketoconazole 2% 
00802396216,A09A,Bicitra,Bicitra
49884090738,G03A,mege,Megestrol Oral Suspension
00121063810,N07X,Guaifenesin-Dextromethorphan,Guaifenesin-Dextromethorphan
00069308030,J01F,Azithromycin,Azithromycin
51655007924,N05B,HydrOXYzine HCl,HydrOXYzine HCl
00228206710,N05B,Oxazepam,Oxazepam
00517101025,A03B,Atropine Sulfate,Atropine Sulfate
00074007402,M04A,Colchicine,Colchicine
63323018410,V04C,Folic Acid,N/A
00338040360,N/A,Multivitamins,Multivitamin 12
55499120401,N/A,Multivitamins,Multivitamins
51079030020,C02A,Clonidine HCl,Clonidine HCl
00074127332,N05B,Diazepam,Diazepam
00074121201,A06A,Naloxone HCl,N/A
00054855324,N07B,Methadone HCl,Methadone HCl
00766146010,N07B,Nicotine,Nicotine
49938010101,J04B,Dapsone,Dapsone
00054855424,N07B,Methadone HCl,Methadone HCl
00074697805,C03A,Hydrochlorothiazide,Hydrochlorothiazide
00777310533,N06A,Fluoxetine HCl,Fluoxetine HCl
51079043520,G03A,Megestrol Acetate,Megestrol Acetate
00074336811,J01F,Clarithromycin,Clarithromycin
68850001202,J04A,Ethambutol HCl,Ethambutol HCl
00013530117,J04A,Rifabutin,Rifabutin
51479004115,J01D,Aztreonam,N/A
00008029501,N02A,Hydromorphone,Hydromorphone
00069306086,J01F,Azithromycin,Azithromycin
00065065625,S03A,Ciprofloxacin Ophth Soln,Ciprofloxacin Ophth Soln
00015710328,J01C,Oxacillin,N/A
00338050741,J01G,Gentamicin,N/A
00024115510,N05B,Lorazepam,Lorazepam
51079011620,B03A,Ferrous Sulfate,Ferrous Sulfate
51079028220,R02A,Ibuprofen,Ibuprofen
51079079320,M01A,Naproxen,Naproxen
15127020017,N/A,Calcium Carbonate,Calcium Carbonate (Tums)
00067033022,A02A,Aluminum-Magnesium Hydroxide,Aluminum-Magnesium Hydroxide
51079000620,A06A,Bisacodyl,Bisacodyl
00182125989,N06A,traZODONE HCl,traZODONE HCl
00536119001,J01C,Dicloxacillin,Dicloxacillin
00338001602,V06D,D5W (GLASS BOTTLE),N/A
00074131201,N/A,Hydromorphone,Hydromorphone
00054839224,N02A,Hydromorphone,Hydromorphone HCl
00003196401,J05A,Stavudine,Stavudine
61958060101,J05A,Emtricitabine,Emtricitabine
10019051002,N/A,Diltiazem,Diltiazem
49884002901,C02D,HydrALAZINE HCl,HydrALAZINE HCl
00264934155,V03A,Starter PN D10,N/A
00087601142,N06B,NEO*IV*Caffeine Citrate,N/A
63323006661,B05X,Sodium Acetate,N/A
00087611142,N06B,NEO*PO*Caffeine Citrate,NEO*PO*Caffeine Citrate
60258011130,A11H,NEO*PO*Vitamin E Drops,NEO*PO*Vitamin E Drops
41679036513,N/A,NEO*PO*MCT Oil,NEO*PO*MCT Oil
00998061505,S01B,Dexamethasone Ophthalmic Soln 0.1%,Dexamethasone Ophthalmic Soln 0.1%
56184012105,R01A,NEO*NASAL*Phenylephrine 0.125%,NEO*NASAL*Phenylephrine 0.125%
11980017405,S01B,Prednisolone Acetate 0.12% Ophth. Susp.,Prednisolone Acetate 0.12% Ophth. Susp.
00206882002,J01C,Piperacillin-Tazobactam,N/A
66479056012,N02A,Morphine Sulfate (Concentrated Oral Soln),Morphine Sulfate (Concentrated Oral Soln)
58177025504,A03B,Hyoscyamine,Hyoscyamine
00049490041,N06A,Sertraline HCl,Sertraline HCl
53014085072,C03B,Metolazone,Metolazone
54569336000,C05A,Nitroglycerin Oint. 2%,Nitroglycerin Oint. 2%
00029152725,D06A,Mupirocin Cream 2%,Mupirocin Cream 2%
51079060520,J01D,Cephalexin,Cephalexin
00054830125,C03C,Furosemide,Furosemide
58468002001,V03A,Sevelamer,Sevelamer HCl
58468002101,V03A,Sevelamer,Sevelamer HCl
00009361702,J01D,Cefpodoxime Proxetil,Cefpodoxime Proxetil
00517501901,V03A,Sodium Thiosulfate,Sodium Thiosulfate
63323004401,B03B,Cyanocobalamin,Cyanocobalamin
00338067504,B05B,Potassium Chl 40 mEq / 1000 mL D5 1/2 NS,N/A
00517180525,C01C,DopAmine,N/A
00039001910,J01D,NEO*IV*Cefotaxime,N/A
17478006235,S01X,Artificial Tear Ointment,Artificial Tear Ointment
00071015523,C10A,Atorvastatin,Atorvastatin
00007413920,C07A,Carvedilol,Carvedilol
51079006720,A03B,Diphenoxylate-Atropine,Diphenoxylate HCl/Atrop Sulf
00009000402,N04B,Mirapex,*NF* Pramipexole
51079028420,N05B,Diazepam,Diazepam
00002411533,N05A,Olanzapine,Olanzapine
00904555960,N03A,PrimiDONE,PrimiDONE
00409117630,N02A,Meperidine,Meperidine
59762306003,J01F,Azithromycin,Azithromycin
00054815624,R05D,Codeine Sulfate,Codeine
60505068104,J01D,CefePIME,N/A
58177009111,R05D,Benzonatate,Benzonatate
51079052420,A04A,Ondansetron,Ondansetron
11523726808,A06A,Polyethylene Glycol,Polyethylene Glycol
00597018590,N04B,pramipexole,*NF* Pramipexole
51079029420,G04C,Tamsulosin,Tamsulosin
55390034810,C07A,Metoprolol Tartrate,Metoprolol Tartrate
00904777261,C07A,Metoprolol Tartrate,Metoprolol Tartrate
08290036005,B01A,Heparin Flush (10 units/ml),Heparin Flush (10 Units/mL)
00054001820,H02A,PredniSONE,PredniSONE
00005197067,J07A,NEO*IM*Pneumococcal 7-Valent,NEO*IM*Pneumococcal 7-Valent
49281054505,J07A,NEO*IM*Haemophilus B  Conj Vac,NEO*IM*Haemophilus B  Conj Vac
58160084111,J07C,DTaP-HepB-IPV Combined,DTaP-HepB-IPV Combined
00074010304,N/A,Vi-Daylin Multivitamin Drops,Vi-Daylin Multivitamin Drops
00087036503,N/A,NEO*PO*MCT Oil,NEO*PO*MCT Oil
10939086311,G01A,Vi-Daylin Multivitamin Drops,Vi-Daylin Multivitamin Drops
66591080030,A11H,NEO*PO*Vitamin E Drops,NEO*PO*Vitamin E Drops
00054829816,C03C,Furosemide (Elixir),Furosemide (Elixir)
00904792260,G04B,Phenazopyridine HCl,Phenazopyridine HCl
00071080640,N03A,Gabapentin,Gabapentin
24208032405,S01E,Timolol Maleate 0.5%,Timolol Maleate 0.5%
00013830304,S01E,Latanoprost 0.005% Ophth. Soln.,Latanoprost 0.005% Ophth. Soln.
00071080340,N03A,Gabapentin,Gabapentin
00071201223,N03A,Gabapentin,Gabapentin (Liquid)
54092000401,C01C,Midodrine HCl,Midodrine HCl
00338101102,N/A,DopAmine,N/A
00781711255,N02A,Fentanyl Patch,Fentanyl Patch
00409317701,N01B,Lidocaine 0.5%/Epinephrine,Lidocaine 0.5%/Epinephrine
10019063002,J01C,Ampicillin-Sulbactam,N/A
60574411301,J06B,NEO*IM*Palivizumab,N/A
72140003147,N/A,NEO*Aquaphor,NEO*Aquaphor
62991150902,N/A,NEO*IV*Caffeine Citrate,N/A
63481068706,C05A,Lidocaine 5% Patch,Lidocaine 5% Patch
00065079515,S01X,Balanced Salt Opth. Soln,Balanced Salt Opth. Soln
00049001483,J01C,Unasyn,N/A
00641240341,N01A,Fentanyl Citrate,N/A
00075062040,B01A,Enoxaparin Sodium,Enoxaparin Sodium
00052044115,M03A,Vecuronium Bromide,Vecuronium Bromide
00074427601,C01B,Lidocaine 1%,Lidocaine 1%
00074245327,N02A,Hydromorphone-HP,N/A
00026855463,J01M,Ciprofloxacin,N/A
00469760040,B05X,Potassium Acetate,N/A
00517209625,B05X,Sodium Acetate,N/A
00186580030,A11H,NEO*PO*Vitamin E Drops,NEO*PO*Vitamin E Drops
00597006111,N06B,NEO*PO*Caffeine Citrate,NEO*PO*Caffeine Citrate
49281028605,J07C,NEO*IM*DT  & Acellular Pertussis,N/A
49281086052,J07B,NEO*SC*Polio Vaccine (Inactive),NEO*SC*Polio Vaccine (Inactive)
54569317800,N02B,NEO*PO*Acetaminophen Drops,NEO*PO*Acetaminophen Drops
00074104004,N/A,Beractant,Beractant
66591023921,A11C,Vitamin A,N/A
00074660902,B05X,Sodium Bicarbonate 4.2% (2.4mEq),Sodium Bicarbonate 4.2% (2.4mEq)
00006340617,C01E,NEO*IV*Indomethacin Sodium,N/A
00121046230,A06A,Mineral Oil,Mineral Oil
64253022233,B01A,Heparin Sodium (Preservative Free),Heparin Sodium (Preservative Free)
74300000068,C05A,Desitin,Desitin
00002726601,J01D,NEO*IV*Cefazolin,N/A
54569281400,N02B,Acetaminophen (Liquid),Acetaminophen (Liquid)
49281029810,J07C,NEO*IM*DT  & Acellular Pertussis,NEO*IM*DT  & Acellular Pertussis
00006487600,J07B,NEO*IM*Hepatitis B Vaccine,NEO*IM*Hepatitis B Vaccine
00075062300,B01A,Enoxaparin Sodium,Enoxaparin Sodium
00007336203,N05A,Prochlorperazine,Prochlorperazine (Rectal)
00003515405,C10A,Pravastatin,Pravastatin
00026886148,C08C,Nifedipine CR,Nifedipine CR
00378910493,C01D,Nitroglycerin Patch,Nitroglycerin Patch
00378002801,C07A,Nadolol,Nadolol
00048105013,H03A,Levothyroxine Sodium,Levothyroxine Sodium
00048107013,H03A,Levothyroxine Sodium,Levothyroxine Sodium
50580060150,R02A,Ibuprofen Suspension,Ibuprofen Suspension
00052010590,N06A,Mirtazapine,Mirtazapine
00075770060,N07X,Rilutek,*NF* Riluzole
00781711355,N02A,Fentanyl Patch,Fentanyl Patch
58468013001,V03A,sevelamer CARBONATE,sevelamer CARBONATE
68462014645,C01D,Nitroglycerin SL,Nitroglycerin SL
00054327099,R03B,Fluticasone Propionate NASAL,Fluticasone Propionate NASAL
58468012601,H05B,Doxercalciferol,Doxercalciferol
63323026920,N01A,Propofol,Propofol
63323026965,N01A,Propofol,Propofol
55390020910,H02A,MethylPREDNISolone Sodium Succ,MethylPREDNISolone Sodium Succ
63323054011,B01A,Heparin Flush (1000 units/mL),Heparin
59676030301,B03X,Epoetin Alfa,N/A
00168001231,D06A,Neomycin-Polymyxin-Bacitracin,Neomycin-Polymyxin-Bacitracin
55513007330,H05B,Cinacalcet,Cinacalcet
51079045820,C10A,Pravastatin,Pravastatin
54162055007,N/A,Sarna Lotion,Sarna Lotion
11509021265,N/A,Cepacol (Menthol),Cepacol (Menthol)
00054008826,A07X,Calcium Acetate,Calcium Acetate
00689112201,H03A,Levothyroxine Sodium,Levothyroxine Sodium
00087040203,G01A,NEO*PO*Poly-VI-solution,NEO*PO*Poly-VI-solution
00074110202,N/A,Codeine Phosphate,Codeine Phosphate
00029609039,J01C,Augmentin Suspension,Amoxicillin-Clavulanate Susp.
00026851248,J01M,Ciprofloxacin HCl,Ciprofloxacin HCl
00054834525,N05A,Haloperidol,Haloperidol
00085075604,R01A,Oxymetazoline HCl,Oxymetazoline HCl
00054874325,R01B,Pseudoephedrine HCl,Pseudoephedrine HCl
00182845389,N02B,Acetaminophen,Acetaminophen
00409126130,N02A,Morphine Sulfate,Morphine Sulfate (Syringe)
54092024701,V03A,Lanthanum,Lanthanum
46287000660,V04C,Sodium Polystyrene Sulfonate,Sodium Polystyrene Sulfonate
00031067364,N/A,Vitamin B Complex w/C,Vitamin B Complex w/C
00256018501,B03B,Nephrocaps,Nephrocaps
33332001101,J07B,Influenza Virus Vaccine,Influenza Virus Vaccine *Latex Free*
51079020520,M04A,Allopurinol,Allopurinol
00182864389,N/A,Simethicone,Simethicone
00186109239,C07A,Metoprolol Succinate XL,Metoprolol Succinate XL
00121176130,A02A,Aluminum-Magnesium Hydrox.-Simethicone,Aluminum-Magnesium Hydrox.-Simethicone
68084018601,C10A,Pravastatin,Pravastatin
00338001304,N/A,Sterile Water,N/A
00003043730,J02A,Amphotericin B,N/A
00182055489,C02D,HydrALAzine,HydrALAzine
00172436560,C07A,Labetalol,Labetalol
49884049901,C08C,NiCARdipine,NiCARdipine
00078035934,C09C,Valsartan,Valsartan
00223197101,A11C,Ergocalciferol (Vitamin D2),Vitamin D
00054001720,H02A,PredniSONE,PredniSONE
00182820289,C07A,Labetalol,Labetalol
00054858224,N02A,Morphine Sulfate IR,Morphine Sulfate (Immediate Release)
00591319301,C08C,NIFEdipine CR,NIFEdipine CR
00004018401,C08C,Nicardipine,NiCARdipine
00009019016,H02A,MethylPREDNISolone Sodium Succ,MethylPREDNISolone Sodium Succ
00338519741,A02B,Famotidine,N/A
00338105102,N/A,Nitroglycerin,N/A
00597003334,C02A,Clonidine Patch 0.3 mg/24 hr,Clonidine Patch 0.3 mg/24 hr
00168032608,C05A,Nitroglycerin Ointment  2%,Nitroglycerin Ointment  2%
63323031110,A12A,Calcium Gluconate,N/A
55390013020,C07A,Labetalol,N/A
00338001701,V06D,5% Dextrose,N/A
00409128331,N02A,HYDROmorphone (Dilaudid),HYDROmorphone (Dilaudid)
00078048535,C09X,Tekturna,*NF* Aliskiren
00085172202,C08C,NIFEdipine CR,NIFEdipine CR
00182853489,A06A,Bisacodyl,Bisacodyl
51079088120,N03A,Clonazepam,Clonazepam
00172438210,N03A,Gabapentin,Gabapentin
00054873925,H02A,PredniSONE,PredniSONE
51079054220,N05A,Prochlorperazine,Prochlorperazine Maleate
63323061401,N/A,HydrALAzine,HydrALAzine
16590047704,C02A,Clonidine Patch 0.1 mg/24 hr,Clonidine Patch 0.1 mg/24 hr
00172438110,N03A,Gabapentin,Gabapentin
00071400810,N03A,Fosphenytoin Sodium,N/A
00023918703,S01E,Bimatoprost,*NF* Bimatoprost  0.03%  Ophth
00078035906,C09C,Valsartan,Valsartan
51079092920,C07A,Labetalol,Labetalol
00409433201,J01X,Vancomycin,N/A
00904150161,N05B,Lorazepam,Lorazepam
00085171603,C08C,NIFEdipine CR,NIFEdipine CR
51672402301,S01E,AcetaZOLAMIDE,AcetaZOLAMIDE
00338000404,N/A,Sterile Water For Irrigation,N/A
51079001520,A07A,Neomycin Sulfate,Neomycin Sulfate
00597008214,R03B,Ipratropium Bromide MDI,Ipratropium Bromide MDI
00025103134,C03D,Spironolactone,Spironolactone
00944049101,B05A,Albumin 5%,Albumin 5% (12.5g)
00206845216,J01C,Piperacillin-Tazobactam Na,N/A
00078018101,H01C,Octreotide Acetate,N/A
00517760425,R05C,Acetylcysteine 20%,Acetylcysteine 20%
51079078820,N05B,Alprazolam,Alprazolam
00781711155,N02A,Fentanyl Patch,Fentanyl Patch
00904150061,N05B,Lorazepam,Lorazepam
49669521303,B05A,Albumin 25% (12.5gm),Albumin 25% (12.5gm)
00026855236,J01M,Ciprofloxacin,N/A
00045065910,N02A,traMADOL,traMADOL
00904215461,C01D,Isosorbide Dinitrate,Isosorbide Dinitrate
00004018301,C08C,NiCARdipine,NiCARdipine
59676031001,B03X,Epoetin Alfa,N/A
00093065701,A11C,Calcitriol,Calcitriol
10019002703,N05C,Midazolam HCl,Midazolam HCl
66479053002,N07B,Methadone,N/A
68516521102,B05A,Albumin 5% (25g / 500mL),Albumin 5% (25g / 500mL)
00409606211,N02A,Morphine Sulfate,N/A
51079066420,C08C,Nifedipine,Nifedipine
51079066520,C08C,Nifedipine,Nifedipine
59730640101,A07X,Calcium Acetate,Calcium Acetate
00472073041,G01A,Miconazole Nitrate Vag Cream 2%,Miconazole Nitrate Vag Cream 2%
00228249710,C08C,NIFEdipine,NIFEdipine
00004014401,A11C,Calcitriol,Calcitriol
51079054120,N05A,Prochlorperazine,Prochlorperazine Maleate
00574200202,V04C,Sodium Polystyrene Sulfonate,Sodium Polystyrene Sulfonate
00054818125,H02A,Dexamethasone,Dexamethasone
60574411101,J06B,NEO*IM*Palivizumab,N/A
49281086010,J07B,NEO*SC*Polio Vaccine (Inactive),NEO*SC*Polio Vaccine (Inactive)
63304020301,N02A,Opium Deodorized Tinc.,Opium Deodorized Tinc.
55513026710,B03X,Epoetin Alfa,N/A
00338051902,N/A,Fat Emulsion 20%,N/A
51079066820,M03B,Baclofen,Baclofen
00078033705,N03A,Oxcarbazepine,Oxcarbazepine
59075069181,N03A,Primidone,Primidone
00054408425,L04A,Azathioprine,Azathioprine
51079078920,N05B,Alprazolam,Alprazolam
54569384900,N06A,Nortriptyline,Nortriptyline HCl
59075069010,N03A,Primidone,Primidone
00054023524,N02A,Morphine Sulfate IR,Morphine Sulfate (Immediate Release)
00409130431,N02A,HYDROmorphone (Dilaudid),HYDROmorphone (Dilaudid)
00074380511,G04C,Terazosin HCl,Terazosin HCl
00406833062,N02A,Morphine SR (MS Contin),Morphine SR (MS Contin)
00065064305,S01A,Tobramycin Fortified Ophth. Soln.,Tobramycin Fortified Ophth. Soln.
61314063705,S01B,PrednisoLONE Acetate 1% Ophth. Susp.,PrednisoLONE Acetate 1% Ophth. Susp.
59011010525,N02A,Oxycodone SR (OxyconTIN),Oxycodone SR (OxyconTIN)
59011010020,N02A,Oxycodone SR (OxyconTIN),Oxycodone SR (OxyconTIN)
59011010320,N02A,Oxycodone SR (OxyconTIN),Oxycodone SR (OxyconTIN)
00409477702,J01M,Ciprofloxacin IV,N/A
00173069602,R03B,Fluticasone-Salmeterol Diskus (250/50) ,Fluticasone-Salmeterol Diskus (250/50) 
00597007575,R03B,Tiotropium Bromide,Tiotropium Bromide
00258368890,C08D,Diltiazem Extended-Release,Diltiazem Extended-Release
51079074720,C08D,Diltiazem,Diltiazem
00009075801,H02A,Methylprednisolone Na Succ.,N/A
64019053825,N07B,Methadone HCl,Methadone (Dispersible Tablet)
55390020401,M05B,Pamidronate,N/A
00469065711,L04A,Tacrolimus,Tacrolimus
00173094755,N06A,BuPROPion,BuPROPion (Sustained Release)
00591040401,C08D,Verapamil HCl,Verapamil HCl
00206885516,J01C,Piperacillin-Tazobactam Na,N/A
49884079474,C09A,Captopril,Captopril
00009011319,H02A,MethylPREDNISolone Sodium Succ,MethylPREDNISolone Sodium Succ
00054850016,C05A,Lidocaine Viscous 2%,Lidocaine Viscous 2%
00085140201,R03A,Foradil Aerolizer,*NF* Formoterol Fumarate
00087057009,R05C,Acetylcysteine 20%,Acetylcysteine 20%
00054872525,H02A,Prednisone,Prednisone
51079007420,C02D,Hydralazine HCl,Hydralazine HCl
00026885148,C08C,Nifedipine CR,Nifedipine CR
00597003112,C02A,Clonidine TTS 1 Patch,Clonidine TTS 1 Patch
68774012060,J01F,Clarithromycin,Clarithromycin
00597003234,C02A,Clonidine Patch 0.2 mg/24 hr,Clonidine Patch 0.2 mg/24 hr
00310027139,N05A,Quetiapine Fumarate,Quetiapine Fumarate
00068021217,N/A,Cetylpyridinium Chl (Cepacol),Cetylpyridinium Chl (Cepacol)
00009019009,H02A,Methylprednisolone Na Succ.,N/A
00406035762,N02B,Hydrocodone-Acetaminophen,Hydrocodone-Acetaminophen
00409739172,B05B,Sodium Phosphate,N/A
24208055555,S03A,Bacitracin/Polymyxin B Sulfate Opht. Oint,Bacitracin/Polymyxin B Sulfate Opht. Oint
00054301050,N02B,Acetaminophen,Acetaminophen (Liquid)
00338080704,B05B,Potassium Chl 40 mEq / 1000 mL D5NS,N/A
00064100133,D02A,Papain-Urea Spray,Papain-Urea Spray
54482014407,A16A,levoCarnitine,Levocarnitine
57894003001,L04A,Infliximab,N/A
00052010730,N06A,Mirtazapine,Mirtazapine
50458003505,N02A,Fentanyl Patch,Fentanyl Patch
00121168305,N02A,Guaifenesin-Codeine Phosphate,Guaifenesin-Codeine Phosphate
00206885216,J01C,Piperacillin-Tazobactam Na,N/A
00173071920,R03B,Fluticasone Propionate 110mcg,Fluticasone Propionate 110mcg
00409163201,M03A,Vecuronium Bromide,Vecuronium Bromide
63323061603,C01B,Amiodarone,N/A
00172531110,J01M,Ciprofloxacin HCl,Ciprofloxacin HCl
00904565661,C02A,CloniDINE,CloniDINE
00044182712,C08D,Verapamil SR,Verapamil SR
00044182512,C08D,Verapamil SR,Verapamil SR
63323030201,H01B,Vasopressin,N/A
42023012225,C01C,Epinephrine,N/A
50474059140,N03A,Levetiracetam,Levetiracetam
00085174102,J01M,Ciprofloxacin IV,N/A
25010040515,B02B,Phytonadione,Phytonadione
00182181144,N/A,Bismuth Subsalicylate,Bismuth Subsalicylate
00023866505,S01G,Brimonidine Tartrate 0.15% Ophth.,Brimonidine Tartrate 0.15% Ophth.
63323016201,M01A,Ketorolac,Ketorolac
61314065625,S03A,Ciprofloxacin 0.3% Ophth Soln,Ciprofloxacin 0.3% Ophth Soln
24208075060,S01F,Atropine Sulfate Ophth 1%,Atropine Sulfate Ophth 1%
50474000263,N03A,LeVETiracetam,N/A
00338500341,J01D,CeftriaXONE,N/A
55390050002,C03C,Bumetanide,Bumetanide
00074630413,J01F,Erythromycin,Erythromycin
51079007320,C03C,Furosemide,Furosemide
00182117089,C03C,Furosemide,Furosemide
00051002121,A04A,Dronabinol,Dronabinol
00409115170,B01A,Heparin Flush (10 units/ml),Heparin Lock Flush
00052045016,M03A,Rocuronium,*NF* Rocuronium
49281075221,V04C,Tuberculin Protein,Tuberculin Protein
51991045757,A06A,Polyethylene Glycol,Polyethylene Glycol
67467064301,B05A,Albumin 25% (12.5g / 50mL),Albumin 25% (12.5g / 50mL)
00074659413,H03A,Levothyroxine Sodium,Levothyroxine Sodium
87701083336,R06A,Diphenhydramine HCl,Diphenhydramine HCl
00406831562,N02A,Morphine SR (MS Contin),Morphine SR (MS Contin)
58177022204,C01D,Isosorbide Mononitrate,Isosorbide Mononitrate (Extended Release)
00456320563,N06D,Namenda,*NF* Memantine HCl
00536391301,H02A,Hydrocortisone,Hydrocortisone
00186108839,C07A,Metoprolol XL,Metoprolol XL
51079000420,A11G,Ascorbic Acid,Ascorbic Acid
00009076502,H02A,Methylprednisolone Na Succ,N/A
00087040303,G01A,Pediatric Vitamins ADC,Pediatric Vitamins ADC
55513014410,B03X,Epoetin Alfa,N/A
00002751001,A10A,Insulin,Humalog Insulin
00074419701,J01F,Clindamycin,N/A
00904208560,A11C,Vitamin A,Vitamin A
62856024541,N06D,Donepezil,Donepezil
00548301200,C05A,Lidocaine Jelly 2% (Urojet),Lidocaine Jelly 2% (Urojet)
00064065001,D01A,Miconazole Powder 2%,Miconazole Powder 2%
49884055001,N05A,Prochlorperazine,Prochlorperazine Maleate
49884094174,J02A,Fluconazole,Fluconazole
00172541310,J02A,Fluconazole,Fluconazole
63323024710,H03A,Levothyroxine Sodium,Levothyroxine Sodium
00517490525,H02A,Dexamethasone,Dexamethasone Sod Phosphate
00078008406,N02B,Butalbital-Acet-Caffeine,Butalbital-Acet-Caffeine
00074492834,A12A,Calcium Chloride,Calcium Chloride
00436515110,N/A,Magnesium Citrate,Magnesium Citrate
51079008320,J04A,Isoniazid,Isoniazid
00472128416,J01E,Sulfameth/Trimethoprim Suspension,Sulfameth/Trimethoprim Suspension
00054858516,N02A,Morphine ,Morphine Sulfate (Oral Soln.)
00597007506,R03B,Tiotropium Bromide,Tiotropium Bromide
24208073501,S01F,Cyclopentolate 1%,Cyclopentolate 1%
00065035902,S01G,Cyclopentolate-Phenylephrine,Cyclopentolate-Phenylephrine
00054121842,N07B,Methadone HCl,Methadone
24208091019,S01A,Erythromycin 0.5% Ophth Oint,Erythromycin 0.5% Ophth Oint
63402051224,N/A,Levalbuterol HCl,*NF* Levalbuterol Soln
00143120125,M04A,Colchicine,Colchicine
00074349201,A11G,Ascorbic Acid,Ascorbic Acid (Liquid)
00074163802,N05C,Dexmedetomidine HCl,N/A
00245008011,B05X,Zinc Sulfate,Zinc Sulfate
00002475977,B01A,Prasugrel,Prasugrel
10019017644,N02A,Morphine Sulfate,Morphine
51079098320,C09A,Lisinopril,Lisinopril
00071015892,C10A,Atorvastatin,Atorvastatin
00904580861,C09A,Lisinopril,Lisinopril
47682021701,N/A,Guaifenesin-Dextromethorphan,Guaifenesin-Dextromethorphan
00074780922,C01C,DopAmine,N/A
00168003830,C05A,*NF* Nitroglycerin Ointment,*NF* Nitroglycerin Ointment
00044182210,C08D,Verapamil HCl,Verapamil HCl
55390056510,N/A,Diltiazem,N/A
51079010720,N06A,Amitriptyline HCl,Amitriptyline HCl
00002751101,A10A,Insulin,Insulin Lispro 75/25
60793010401,H03B,Methimazole,Methimazole
00074909332,N01A,Fentanyl Citrate,Fentanyl Citrate
00049001383,J01C,Unasyn,N/A
00074228013,C09A,Trandolapril,Trandolapril
00338604537,J02A,Fluconazole,N/A
00641141035,C01A,Digoxin,Digoxin
00074492818,A12A,Calcium Chloride,Calcium Chloride
00456261490,C08D,Diltiazem Extended-Release,Diltiazem Extended-Release
00182504749,D07A,Orabase Dental Paste,Orabase Dental Paste
00436094616,D08A,Dakins 1/2 Strength,Dakins 1/2 Strength
61570011201,C09A,Ramipril,Ramipril
87701089415,N/A,Debrox 6.5%,Carbamide Peroxide 6.5%
51079081120,A10B,Glipizide,Glipizide
00002871501,A10A,Insulin,Insulin Human 70/30
55390016010,H01C,Octreotide Acetate,N/A
57706075560,S01E,Acetazolamide,Acetazolamide
00085117701,B01A,Eptifibatide,Eptifibatide
00024120301,C01C,Milrinone,N/A
00025145134,A02B,Misoprostol,Misoprostol
51079000720,A02B,Omeprazole,Omeprazole
51079008920,R06A,Meclizine,Meclizine
00409665106,B05X,Potassium Chloride,N/A
00074490223,V06D,Dextrose 50%,Dextrose 50%
00074130431,N02A,Hydromorphone,Hydromorphone
00168001131,D06A,Bacitracin Ointment,Bacitracin Ointment
25021011210,J01F,Azithromycin ,N/A
58177029311,C07A,Metoprolol Succinate XL,Metoprolol Succinate XL
58177023811,C01D,Isosorbide Mononitrate (Extended Release),Isosorbide Mononitrate (Extended Release)
53489036801,C08C,Felodipine,Felodipine
00904782231,D01A,Clotrimazole Cream,Clotrimazole Cream
00186033001,C05A,Lidocaine Jelly 2% (Urojet),Lidocaine Jelly 2% (Urojet)
49452477503,N/A,Miconazole Powder 2%,Miconazole Powder 2%
00884044904,D02A,Urea-C40,*NF* Urea 20 % Cream
00168005515,C05A,Betamethasone Dipro 0.05% Cream,Betamethasone Dipro 0.05% Cream
00029608031,J01C,Amoxicillin-Clavulanic Acid,Amoxicillin-Clavulanic Acid
65847020525,C01D,Nesiritide,N/A
00009017103,A10B,Glyburide,Glyburide
00071080540,N03A,Gabapentin,Gabapentin
00469087202,C01E,Adenosine,Adenosine
00044182310,C08D,Verapamil HCl,Verapamil HCl
10019001501,C07A,Esmolol,Esmolol
00039007810,C04A,Pentoxifylline,Pentoxifylline
00067014568,N02B,Aspirin,Aspirin (Buffered)
00002445385,N05A,Olanzapine (Disintegrating Tablet),Olanzapine (Disintegrating Tablet)
52604710201,N/A,Thrombin,Thrombin Topical
59762501601,J02A,Fluconazole,Fluconazole
00078018201,H01C,Octreotide Acetate,N/A
00085175502,J01M,Ciprofloxacin IV,N/A
00456261563,C08D,Diltiazem Extended-Release,Diltiazem Extended-Release
00054853516,A07D,Loperamide HCl,Loperamide HCl
11509021217,N/A,Cepacol (Menthol),Cepacol (Menthol)
10019063101,J01C,Unasyn,N/A
00078014923,H05B,Calcitonin Salmon,Calcitonin Salmon
00517040525,C01C,Phenylephrine HCl,N/A
00121053205,N05C,Chloral Hydrate (Syrup),Chloral Hydrate (Syrup)
00054834225,N05A,Haloperidol,Haloperidol
00029321121,N06A,Paroxetine HCl,Paroxetine HCl
00074621511,N03A,Divalproex Sodium,Divalproex Sodium
00074621411,N03A,Divalproex Sodium,Divalproex Sodium
51079075620,N04B,Carbidopa-Levodopa (25-100),Carbidopa-Levodopa (25-100)
61570011001,C09A,Ramipril,Ramipril
00006003121,M05B,Alendronate Sodium,Alendronate Sodium
00173013555,N06A,Bupropion SR,Bupropion SR
00456261663,C08D,Diltiazem Extended-Release,Diltiazem Extended-Release
00006095128,C09C,Losartan Potassium,Losartan Potassium
51079000222,N02B,Acetaminophen,Acetaminophen
00083002732,N03A,Carbamazepine,Carbamazepine
00009000602,N04B,Mirapex,*NF* Pramipexole
00002323560,N06A,Duloxetine,Duloxetine
58177032418,C01D,Nitroglycerin SL,Nitroglycerin SL
61958050101,J05A,Adefovir,*NF* Adefovir Dipivoxil
00074915701,B02B,NEO*SC*Phytonadione,NEO*SC*Phytonadione
00074118002,N02A,Meperidine,N/A
59772704701,C09A,Captopril,Captopril
50419015057,B01A,Lepirudin,N/A
00054828104,B03A,Ferrous Sulfate,Ferrous Sulfate (Liquid)
00054870725,N03A,Phenobarbital,Phenobarbital
10019021302,N01A,Propofol (Generic),Propofol (Generic)
51079032730,R05C,Guaifenesin,Guaifenesin
00283067902,C05A,Hurricaine Spray,Benzocaine 20% Spray
74300000300,C05A,Neo*Desitin Creamy,Neo*Desitin Creamy
00182074767,G01A,Multivitamin Liquid,Multivitamin Liquid
00026819636,B02A,Aprotinin (Bovine),Aprotinin
00074434673,B02A,Aminocaproic Acid,N/A
00436058532,N03A,Phenobarbital,Phenobarbital Elixir
16837086012,A02A,Aluminum Hydroxide Suspension,Aluminum Hydroxide
00168005615,C05A,Betamethasone Dipro 0.05% Oint,Betamethasone Dipro 0.05% Oint
60505260400,N05C,Zolpidem Tartrate,Zolpidem Tartrate
59762153005,C08C,Amlodipine,Amlodipine
00904521735,R01A,Oxymetazoline HCl,Oxymetazoline HCl
00056017475,B01A,Warfarin,Warfarin
65649030103,A07A,Rifaximin,*NF* Rifaximin
52544071601,P01B,Quinine Sulfate,Quinine Sulfate
00173046500,R03A,Salmeterol,Salmeterol
00173032188,R03A,Albuterol,Albuterol Inhaler
00071000740,N03A,Phenytoin,Phenytoin
00168005430,D01A,Nystatin Cream,Nystatin Cream
00186014001,N01B,Lidocaine 0.5%/Epinephrine,Lidocaine 0.5%/Epinephrine
54569463100,C01D,Nitroglycerin SL,Nitroglycerin SL
00071036524,N03A,Phenytoin,Phenytoin Sodium Extended
00045051372,N02A,Acetaminophen w/Codeine,Acetaminophen w/Codeine
10019002802,N05C,Midazolam HCl,Midazolam HCl
49452080001,N/A,Bacitracin,Orthopedic Solution
00008499002,J01A,Tigecycline,N/A
00409648201,J01F,Erythromycin,N/A
00338004901,B05X,0.9% Sodium Chloride,N/A
00338070948,B05X,Potassium Chloride,N/A
59730640201,A07X,Calcium Acetate,Calcium Acetate
54569138500,N/A,Tuberculin Protein,Tuberculin Protein
00766147010,N07B,Nicotine,Nicotine
55390006710,C01E,Adenosine,Adenosine
00469321110,J02A,Micafungin,N/A
51079077120,C07A,Carvedilol,Carvedilol
00074130401,N02A,Hydromorphone,Hydromorphone PCA
00074241421,N02A,Hydromorphone,Hydromorphone PCA
65649030105,A07A,Rifaximin,Rifaximin
00904552261,C02C,Doxazosin,Doxazosin
00009001201,H02A,Hydrocortisone,Hydrocortisone
00143125401,H02A,Hydrocortisone,Hydrocortisone
00904567761,N06A,Paroxetine,Paroxetine
00904344061,N02B,Hydrocodone-Acetaminophen,Hydrocodone-Acetaminophen
00008002707,R06A,Promethazine HCl,Promethazine HCl
00942064104,N/A,Citrate Dextrose 3% (ACD-A) CRRT,N/A
00062543001,G01A,Miconazole Nitrate Vaginal,Miconazole Nitrate (Combo Pack)
51079093120,C07A,Carvedilol,Carvedilol
00075062430,B01A,Enoxaparin Sodium,Enoxaparin Sodium
66582041428,C10A,Ezetimibe,Ezetimibe
55390014710,N05A,Haloperidol,Haloperidol
00378032701,N05A,Haloperidol,Haloperidol
51079097220,A10B,MetFORMIN (Glucophage),MetFORMIN (Glucophage)
51079087201,A10B,GlyBURIDE,GlyBURIDE
51079060420,J01D,Cephalexin,Cephalexin
00781345295,J01D,CefazoLIN,N/A
51079078720,C10A,Gemfibrozil,Gemfibrozil
64764045125,A10B,Pioglitazone HCl,Pioglitazone HCl
00591084501,A10B,Glipizide XL,Glipizide XL
00087277331,C09C,Irbesartan,*NF* Irbesartan
00074714811,H03A,Levothyroxine Sodium,Levothyroxine Sodium
00517750425,R05C,Acetylcysteine 20%,Acetylcysteine 20%
00517155025,B05X,Sodium Bicarbonate,N/A
00409427501,C01B,Lidocaine 0.5%,Lidocaine 0.5%
00409724803,B05A,Hespan,N/A
51079064420,M03B,Cyclobenzaprine HCl,Cyclobenzaprine HCl
50458030206,N05A,Risperidone,Risperidone
55390000401,H04A,Glucagon,Glucagon
00904041161,C07A,Propranolol,Propranolol
49884078253,M03B,Tizanidine HCl,Tizanidine HCl
00338012504,G01A,D5LR,N/A
37000002901,N/A,Psyllium Wafer,Psyllium Wafer
00363069338,A06A,Magnesium Citrate,Magnesium Citrate
00132000119,A06A,Fleet Enema,Fleet Enema
35356024832,S01X,cycloSPORINE,*NF* Cyclosporine 0.05% Ophth
00121050410,N02A,Acetaminophen w/Codeine Elixir,Acetaminophen w/Codeine Elixir
00173069504,R03B,Fluticasone-Salmeterol Diskus (100/50),Fluticasone-Salmeterol Diskus (100/50)
00054000725,A11C,Calcitriol,Calcitriol
54569009300,J01C,AMOXicillin Oral Susp.,AMOXicillin Oral Susp.
49999016850,J01C,AMOXicillin Oral Susp.,AMOXicillin Oral Susp.
00091440123,A06A,Golytely,Golytely
50458003405,N02A,Fentanyl Patch,Fentanyl Patch
63481062375,N02A,Oxycodone-Acetaminophen,Oxycodone-Acetaminophen
00703270403,N07A,Neostigmine,Neostigmine
00338601048,C01C,Milrinone,N/A
68094020462,A02B,Ranitidine,Ranitidine (Liquid)
00338604648,J02A,Fluconazole,N/A
11980018005,S01B,Prednisolone Acetate 1% Ophth. Susp.,Prednisolone Acetate 1% Ophth. Susp.
00006362835,S01E,Dorzolamide 2%/Timolol 0.5% Ophth.,Dorzolamide 2%/Timolol 0.5% Ophth.
52268010001,A06A,Golytely,Golytely
00075062160,B01A,Enoxaparin Sodium,Enoxaparin Sodium
63323002101,N05B,Hydroxyzine HCl,Hydroxyzine HCl
68084007001,J01M,Ciprofloxacin HCl,Ciprofloxacin HCl
00009513503,J01X,Linezolid,Linezolid
60505083404,J01D,CefePIME,N/A
52268020001,A06A,Calcium Acetate,Calcium Acetate
00074806201,N01A,Etomidate,Etomidate
00074662902,M03A,Succinylcholine,Succinylcholine
00338081104,G01A,Potassium Chl 20 mEq / 1000 mL D5LR,N/A
00056060128,N04B,Carbidopa-Levodopa CR (25-100),Carbidopa-Levodopa CR (25-100)
00603137859,A06A,Lactulose Enema,Lactulose Enema
63739027201,N02B,Aspirin EC,Aspirin EC
50383068304,N/A,Multivitamins,Multivitamins
00009513502,J01X,Linezolid,Linezolid
00206886202,J01C,Piperacillin-Tazobactam Na,N/A
49884085692,J05A,Ribavirin,Ribavirin
00029321013,N06A,Paroxetine HCl,Paroxetine HCl
51079045420,C10A,Simvastatin,Simvastatin
00603385521,C03A,Hydrochlorothiazide,Hydrochlorothiazide
00078042306,C09C,Valsartan,Valsartan
64764054411,A02B,Lansoprazole Oral Disintegrating Tab,Lansoprazole Oral Disintegrating Tab
54569241100,J01C,Ampicillin,Ampicillin
51079060120,J01C,Amoxicillin,Amoxicillin Trihydrate
00074258611,J01F,Clarithromycin,Clarithromycin
00225029515,A03B,L-Hyoscyamine,L-Hyoscyamine
00781340495,J01C,Ampicillin Sodium,N/A
17478071110,C05A,Lidocaine Jelly 2%,Lidocaine Jelly 2%
51079027820,C07A,Propranolol HCl,Propranolol HCl
00173064255,N03A,Lamotrigine,Lamotrigine
32909071503,N/A,Readi-Cat 2 (Barium Sulfate 2% Suspension),Readi-Cat 2 (Barium Sulfate 2% Suspension)
68084004501,N06A,Paroxetine,Paroxetine
68084004411,N06A,Paroxetine,Paroxetine
00009001104,H02A,Hydrocortisone Na Succ.,Hydrocortisone Na Succ
00409230801,N05C,Midazolam,Midazolam
67386071155,N/A,Chlorothiazide,Chlorothiazide Sodium
00002411733,N05A,Olanzapine,Olanzapine
53746027101,J01E,Sulfameth/Trimethoprim SS,Sulfameth/Trimethoprim SS
66479002356,B02A,Aminocaproic Acid,Aminocaproic Acid
00026285548,C08C,Nimodipine,Nimodipine
00186198904,R03B,Pulmicort,*NF* Budesonide Neb Solution
00078042315,C09C,Valsartan,Valsartan
00904567661,N06A,Paroxetine,Paroxetine
62856024641,N06D,Donepezil,Donepezil
00641243645,B01A,Heparin Flush PICC (100 units/ml),Heparin Flush
00053768002,B05A,Albumin 25% (12.5gm),Albumin 25% (12.5gm)
62037087130,A10B,GlipiZIDE XL,GlipiZIDE XL
00074227811,C09A,Trandolapril,Trandolapril
00168020437,C05A,Lidocaine 5% Ointment,Lidocaine 5% Ointment
00904198861,N02B,Acetaminophen,Acetaminophen
63739035410,A02A,Magnesium Oxide,Magnesium Oxide
65649030303,A07A,Rifaximin,Rifaximin
00409471332,C01B,Lidocaine 1%,Lidocaine 1% PF
00074909431,N01A,Fentanyl Citrate,N/A
00487590199,N/A,Racepinephrine,Racepinephrine
00069315083,J01F,Azithromycin ,N/A
00409212202,C09A,Enalaprilat,N/A
00517481025,N/A,Nitroglycerin,N/A
60793020505,B02B,Thrombin,Thrombin Topical
00182116189,C03C,Furosemide,Furosemide
00904585361,B03B,Ibuprofen,Ibuprofen
00245004101,A12B,Potassium Chloride,Potassium Chloride
00904571135,R01A,Oxymetazoline,Oxymetazoline
74312001370,B03B,Cyanocobalamin,Cyanocobalamin
00054874025,H02A,Prednisone,Prednisone
00003196501,J05A,Stavudine,Stavudine
17478093401,N/A,HydrALAzine,HydrALAzine
63323047401,N05A,Haloperidol,Haloperidol
00135019502,N07B,Nicotine Patch,Nicotine Patch
00904627861,N05A,Quetiapine Fumarate,Quetiapine Fumarate
51079073420,N05A,Haloperidol,Haloperidol
00904627761,N05A,Quetiapine Fumarate,Quetiapine Fumarate
00409405201,J01F,Clindamycin,N/A
00006095228,C09C,Losartan Potassium,Losartan Potassium
00143987310,C07A,Metoprolol Tartrate,Metoprolol Tartrate
00074259605,N05C,Midazolam HCl,Midazolam HCl
00456201001,N06A,Escitalopram Oxalate,Escitalopram Oxalate
00054834425,N05A,Haloperidol,Haloperidol
00004005850,N03A,Clonazepam,Clonazepam
78112001103,D08A,Chloraseptic Throat Spray,Chloraseptic Throat Spray
00149071001,J01X,Nitrofurantoin Monohyd (MacroBID),Nitrofurantoin Monohyd (MacroBID)
00904053061,N/A,Multivitamins,Multivitamins
00049002428,J01C,Unasyn,N/A
00074798301,B05X,NS,N/A
00074648101,J01F,Erythromycin Lactobionate,N/A
55513014810,B03X,Epoetin Alfa,Epoetin Alfa
00904282161,G04B,Oxybutynin,Oxybutynin
00074704101,C01C,Norepinephrine,N/A
00009014102,A10B,Glyburide,Glyburide
00074647844,J01F,Erythromycin,N/A
54569018100,J01X,Nitrofurantoin (Macrodantin),Nitrofurantoin (Macrodantin)
00007365021,C03E,Triamterene-Hydrochlorothiazide,Triamterene-Hydrochlorothiazide
00777310402,N06A,Fluoxetine HCl,Fluoxetine HCl
00168035755,C05A,Lidocaine-Prilocaine,Emla Cream
00409205105,N01A,Ketamine,Ketamine
00074159304,B05B,Tromethamine,N/A
00002755901,B01A,Drotrecogin Alfa (Xigris),N/A
50242008527,B01A,Alteplase,Alteplase
00074234632,C01C,DOBUTamine,N/A
00456261263,C08D,Diltiazem Extended-Release,Diltiazem Extended-Release
00074190301,C01B,Procainamide HCl,N/A
00115821101,G04C,Tamsulosin,Tamsulosin
00003196601,J05A,Stavudine,Stavudine
51479004601,J04A,Ethambutol HCl,Ethambutol HCl
51479004704,J04A,Ethambutol HCl,Ethambutol HCl
10135033063,B03B,Cyanocobalamin,Cyanocobalamin
50458093010,J01M,Levofloxacin,Levofloxacin
08489800001,N/A,Caphosol,Caphosol
24477001015,N/A,Gelclair,Gelclair
00074395977,J05A,Lopinavir-Ritonavir,Lopinavir-Ritonavir
00338050748,J01G,Gentamicin,N/A
00187310130,N07A,Neostigmine,Neostigmine (1:2000)
00074621702,C01B,Lidocaine,N/A
00006354120,A02B,Famotidine (IV),N/A
51079016120,N02A,Acetaminophen w/Codeine,Acetaminophen w/Codeine
50458092510,J01M,Levofloxacin,Levofloxacin
49884046565,C10A,Cholestyramine,Cholestyramine
63323020110,C01B,Lidocaine 1%,Lidocaine 1%
00074443705,M03A,Doxacurium Chloride,Doxacurium Chloride
00186116502,A12A,Calcium Chloride,Calcium Chloride
00641227741,H02A,Dexamethasone Sod Phosphate,N/A
00173067200,J05A,Amprenavir,Amprenavir
00008103006,L04A,Sirolimus,Sirolimus
00003196701,J05A,Stavudine,Stavudine
51079068520,C07A,Atenolol,Atenolol
00056047492,J05A,Efavirenz,Efavirenz
00173072100,J05A,Fosamprenavir,Fosamprenavir
00173066101,J05A,Abacavir Sulfate,Abacavir Sulfate
00338051141,J01G,Gentamicin,N/A
00064100001,D02A,Papain-Urea,*NF* Papain-urea Ointment
65649020175,G01A,MoviPrep,MoviPrep
00264958720,B01A,Heparin Sodium,N/A
51079052720,C03C,Furosemide,Furosemide
00310040260,R03D,Accolate,*NF* Zafirlukast
00904771961,N04B,Carbidopa-Levodopa (25-100),Carbidopa-Levodopa (25-100)
00071053240,C09A,Quinapril,Quinapril
00641049325,N03A,Phenytoin Sodium,N/A
50419010511,C07A,Sotalol HCl,Sotalol HCl
00093738201,N06A,Venlafaxine,Venlafaxine
00008083303,N06A,Venlafaxine XR,Venlafaxine XR
00074403101,B05B,Mannitol,N/A
00074438010,M03A,Cisatracurium Besylate,Cisatracurium Besylate
00002411560,N05A,Olanzapine,Olanzapine
74312000660,B03B,Cyanocobalamin,Cyanocobalamin
00182008601,A11H,Pyridoxine HCl,Pyridoxine HCl
54569035301,N05A,Prochlorperazine,Prochlorperazine (Rectal)
00009012101,C02D,Minoxidil,Minoxidil
00044182610,C08D,Verapamil SR,Verapamil SR
00009003101,H02A,Hydrocortisone,Hydrocortisone
00054001920,H02A,PredniSONE,PredniSONE
00781526664,A04A,Ondansetron ODT,Ondansetron ODT
54569391600,H01B,Vasopressin,N/A
00013110679,L01D,DOXOrubicin,N/A
00013746686,L01C,VinCRIStine,N/A
50242005306,L01X,Rituximab,N/A
51479005530,J01D,CefePIME,N/A
00071000724,N03A,Phenytoin Infatab,Phenytoin
68094050361,R02A,Ibuprofen,Ibuprofen Suspension
00904585461,R02A,Ibuprofen,Ibuprofen
63323036920,J01C,Ampicillin-Sulbactam,N/A
00143120101,M04A,Colchicine,Colchicine
00093910729,P02C,Mebendazole,Mebendazole
53905006504,J01G,Tobramycin Inhalation Soln,Tobramycin Inhalation Soln
00074621211,N03A,Divalproex Sodium,Divalproex Sodium
54569108800,D06B,Silver Sulfadiazine 1% Cream,Silver Sulfadiazine 1% Cream
68516521402,B05A,Albumin 5%,Albumin 5% (25g / 500mL)
00597010760,B01A,Dabigatran Etexilate,Dabigatran Etexilate
00781139313,N05A,Haloperidol,Haloperidol
00006362836,S01E,Dorzolamide 2%/Timolol 0.5% Ophth.,Dorzolamide 2%/Timolol 0.5% Ophth.
00245009101,N/A,Multivitamins W/minerals,Multivitamins W/minerals
51079028621,N05B,Diazepam,Diazepam
00781132813,N05B,Alprazolam,Alprazolam
50458031528,N05A,Risperidone (Disintegrating Tablet),Risperidone (Disintegrating Tablet)
59011010010,N02A,Oxycodone SR (OxyconTIN),Oxycodone SR (OxyconTIN)
59762503201,A10B,GlipiZIDE XL,GlipiZIDE XL
00078031905,A05A,Ursodiol,Ursodiol
00703095803,J01M,Ciprofloxacin,N/A
00078036864,J05A,Famciclovir,*NF* Famciclovir
00054856304,A03F,Metoclopramide,Metoclopramide HCl
00048102003,H03A,Levothyroxine Sodium,Levothyroxine Sodium
00074125830,N02A,Morphine Sulfate,Morphine Sulfate
51079098501,N05B,BusPIRone,BusPIRone
00781711455,N02A,Fentanyl Patch,Fentanyl Patch
00517481010,N/A,Nitroglycerin,N/A
00065026625,S01E,Travatan,*NF* Travoprost 0.004 % Ophth Soln
00089014910,N02B,Salsalate,Salsalate
00008070402,N06A,Venlafaxine,Venlafaxine
00069421030,G04B,Viagra,Sildenafil Citrate
00015322022,L01X,Cisplatin,N/A
00165005441,A02A,Magnesium Oxide,Magnesium Oxide
00054380563,V04C,Sodium Polystyrene Sulfonate,Sodium Polystyrene Sulfonate
00904563161,N03A,Gabapentin,Gabapentin
00008104110,L04A,Sirolimus,Sirolimus
00186033036,C05A,Lidocaine Jelly 2%,Lidocaine Jelly 2%
00168000715,D01A,Nystatin Ointment,Nystatin Ointment
59762501501,J02A,Fluconazole,Fluconazole
00048580601,C09A,Trandolapril,Trandolapril
00223176001,A12C,Sodium Chloride,Sodium Chloride
00004080085,J05A,Oseltamivir,Oseltamivir
51079081220,C07A,Nadolol,Nadolol
00024120020,N/A,Milrinone Lactate,N/A
00002717510,C01C,Dobutamine HCl,N/A
42002030001,C05A,Tucks Hemorrhoidal Oint 1%,Tucks Hemorrhoidal Oint 1%
59762501701,J02A,Fluconazole,Fluconazole
00641041425,N/A,Heparin (Preserv. Free),N/A
68084007965,N03A,Gabapentin,Gabapentin
87701071218,N/A,Cyanocobalamin,Cyanocobalamin
00078018103,H01C,Octreotide Acetate,N/A
00071400705,N03A,Fosphenytoin Sodium,Fosphenytoin Sodium
00078024115,L04A,CycloSPORINE (Sandimmune),CycloSPORINE (Sandimmune)
00078024015,L04A,CycloSPORINE (Sandimmune),CycloSPORINE (Sandimmune)
58160083501,J07B,Hepatitis A Vaccine,Hepatitis A Vaccine
00029152722,D06A,Mupirocin Cream 2%,Mupirocin Cream 2%
00006498100,J07B,Hepatitis B Vaccine,Hepatitis B Vaccine
58160087346,N/A,Influenza Virus Vaccine,Influenza Virus Vaccine
00074118069,N02A,Meperidine,Meperidine
63459010101,N06B,Modafinil,*NF* Modafinil
00008078102,N06A,Venlafaxine,Venlafaxine
00091370701,C09A,Moexipril HCl,Moexipril HCl
51079002420,C03B,Metolazone,Metolazone
00078027422,L04A,CycloSPORINE Modified (Neoral),Cyclosporine Modified (Neoral)
00078024615,L04A,CycloSPORINE Modified (Neoral),CycloSPORINE Modified (Neoral)
51079076820,N03A,Zonisamide,Zonisamide
00026285570,C08C,Nimodipine,Nimodipine
00046086881,G03C,Estrogens Conjugated,Estrogens Conjugated
10019055302,A04A,Scopolamine Patch,Scopolamine Patch
00591040701,C09A,Lisinopril,Lisinopril
63323039923,J01C,Ampicillin Sodium,N/A
00054008620,N05C,Zolpidem Tartrate,Zolpidem Tartrate
00591534710,M04A,Probenecid,Probenecid
00406206890,C10A,Simvastatin,Simvastatin
00143178701,N02B,Acetaminophen-Caff-Butalbital,Acetaminophen-Caff-Butalbital
00074115112,B01A,Heparin ,Heparin
00338004303,B05X,1/2 NS,N/A
51079095901,C02C,Doxazosin,Doxazosin
00029315818,A10B,Rosiglitazone Maleate,Rosiglitazone Maleate
51079002320,C03B,Metolazone,Metolazone
00904052560,A11G,Ascorbic Acid,Ascorbic Acid
51079019020,C01E,Indomethacin,Indomethacin
55390011010,J01A,Doxycycline Hyclate,N/A
08290003528,N/A,Syringe (Intrapleural),N/A
62175044214,A06A,Miralax,*NF* Polyethylene Glycol
00536337701,A03A,Dicyclomine,Dicyclomine
51079067005,L01B,Methotrexate,Methotrexate Sodium
54868438100,A10A,Insulin,Insulin Lispro 75/25
00002324030,N06A,Duloxetine,Duloxetine
00054852725,N05A,Lithium Carbonate,Lithium Carbonate
00182168189,C01E,Indomethacin,Indomethacin
00003161112,J05A,Entecavir,Entecavir
00032121001,A09A,Creon 10,Creon 10
00409672923,A12C,Magnesium Sulfate,N/A
68084003101,N06A,Nortriptyline,Nortriptyline HCl
00143988225,N03A,Phenytoin,Phenytoin Sodium
51079097120,N06A,Fluoxetine,Fluoxetine
00766150010,N07B,Nicotine Polacrilex,Nicotine Lozenge
00300154111,A02B,Lansoprazole,Lansoprazole
49281058905,J07A,MENINGOcoccal Conj Vaccine (Menactra),MENINGOcoccal Conj Vaccine (Menactra)
00172375910,C09A,Lisinopril,Lisinopril
08880950505,D06B,Silver Sulfadiazine 1% Cream,Silver Sulfadiazine 1% Cream
61703020431,R05C,Acetylcysteine 20%,Acetylcysteine 20%
61924018808,N/A,Sarna Lotion,Sarna Lotion
50458030001,N05A,Risperidone,Risperidone
00004026449,C03C,Torsemide,Torsemide
00078024815,L04A,CycloSPORINE Modified (Neoral),CycloSPORINE Modified (Neoral)
00548124000,B02B,Phytonadione,Phytonadione Oral Solution
00574703612,N02B,Aspirin,Aspirin (Rectal)
00074233326,N02A,Hydromorphone P.F.,N/A
00173037934,J01D,CeftazIDIME,N/A
54092018980,A07E,Mesalamine,Mesalamine
66993010702,R06A,Fexofenadine,Fexofenadine
00046086799,G03C,Estrogens Conjugated,Estrogens Conjugated
00173051700,B01A,Epoprostenol Na,N/A
51079013320,N06A,Amitriptyline HCl,Amitriptyline HCl
00182055789,C03A,Hydrochlorothiazide,Hydrochlorothiazide
00143988125,N03A,Phenytoin Sodium,N/A
67618015001,D08A,Povidone Iodine,Povidone Iodine 10%
00075291201,B01A,Enoxaparin Sodium,Enoxaparin Sodium
00065027105,S01G,Patanol,*NF* Olopatadine 0.1% Ophth Soln
58063070510,N07A,Salagen,*NF* Pilocarpine HCl
00172436310,N06A,Fluoxetine,Fluoxetine
00409915701,B02B,NEO*SC*Phytonadione,NEO*SC*Phytonadione
00168007011,S01A,Erythromycin 0.5% Ophth Oint,Erythromycin 0.5% Ophth Oint
50458030201,N05A,Risperidone,Risperidone
00045064165,N03A,Topiramate (Topamax),Topiramate (Topamax)
00641047625,N03A,PHENObarbital,PHENObarbital
00548146900,A06A,Naloxone HCl,Naloxone HCl
52959005500,J01A,Doxycycline Hyclate,Doxycycline Hyclate
00182137640,N05B,HydrOXYzine HCl,HydrOXYzine HCl
00168001531,C05A,Hydrocortisone Cream 1%,Hydrocortisone Cream 1%
51079027720,C07A,Propranolol HCl,Propranolol HCl
00904530661,R06A,DiphenhydrAMINE,DiphenhydrAMINE
00168016230,D07A,Clobetasol Propionate 0.05% Ointment,Clobetasol Propionate 0.05% Ointment
50474000148,N03A,LeVETiracetam,LeVETiracetam Solution
00045063965,N03A,Topiramate (Topamax),Topiramate (Topamax)
00517857510,V03A,Ethanol 70% Catheter DWELL,N/A
51079063120,C02C,Prazosin HCl,Prazosin HCl
51079063020,C02C,Prazosin HCl,Prazosin HCl
63323054031,B01A,Heparin CRRT,Heparin
00026556161,D07A,Desonide 0.05% Cream,Desonide 0.05% Cream
50111085101,R05D,Benzonatate,Benzonatate
00054811616,A07X,Calcium Carbonate Suspension,Calcium Carbonate Suspension
00168000680,D07A,Triamcinolone Acetonide 0.1% Ointment,Triamcinolone Acetonide 0.1% Ointment
00091464024,C05A,Hydrocortisone Cream 2.5%,Hydrocortisone Cream 2.5%
00555001105,J01A,Tetracycline HCl,Tetracycline HCl
37000002104,N/A,Bismuth Subsalicylate Chewable,Bismuth Subsalicylate Chewable
00182181089,R02A,Ibuprofen,Ibuprofen
60432003864,A06A,Lactulose,Lactulose Enema
00182004701,A11D,Thiamine,Thiamine
58160087546,N/A,Influenza Virus Vaccine,Influenza Virus Vaccine
51079013120,N06A,Amitriptyline HCl,Amitriptyline HCl
00781310395,J01C,Oxacillin,N/A
00074420101,N/A,Potassium Phosphate,N/A
00006382310,J02A,Caspofungin,N/A
67386050155,N05C,PENTObarbital Sodium,N/A
59011010510,N02A,Oxycodone (Sustained Release),Oxycodone (Sustained Release)
59011010310,N02A,Oxycodone (Sustained Release),Oxycodone (Sustained Release)
00168014231,D01A,Miconazole 2% Cream,Miconazole 2% Cream
00409317801,N01B,Lidocaine 1%/Epinephrine 1:100000,Lidocaine 1%/Epinephrine 1:100000
00006007428,M01A,Vioxx,*NF* Rofecoxib
54569446601,C10A,Atorvastatin study drug,Atorvastatin Study Drug (*IND*)
00023916332,S01X,Restasis,*NF* Cyclosporine
00032160280,A06A,Lactulose,Lactulose Enema
00074141204,C03C,Bumetanide,Bumetanide
00004012149,C03C,Bumetanide,Bumetanide
00168006060,C05A,Fluocinolone Acetonide 0.025% Cream,Fluocinolone Acetonide 0.025% Cream
00168001135,D06A,Bacitracin Ointment,Bacitracin Ointment
51672201502,C05A,Hydrocortisone Cream 0.5%,Hydrocortisone Cream 0.5%
00172443510,A10B,Glucophage XR,Metformin XR
00206886201,J01C,Piperacillin-Tazobactam Na,N/A
00054350049,C05A,Kaopectate/Benadryl/Lido Visc.,Kaopectate/Benadryl/Lido Visc.
00029485121,M01A,Nabumetone,Nabumetone
00186109205,C07A,Metoprolol XL,Metoprolol XL
00078018003,H01C,Octreotide Acetate,Octreotide Acetate
00002411233,N05A,Olanzapine,Olanzapine
00173073500,N02C,Imitrex,*NF* Sumatriptan
00054800204,N02A,Tylenol w/Codeine Elixir,Acetaminophen w/Codeine Elixir
61570031311,C05A,Hydrocortisone Acetate Ointment 1%,Hydrocortisone Acetate Ointment 1%
00002411633,N05A,Olanzapine,Olanzapine
00904322035,N/A,Debrox 6.5%,Carbamide Peroxide 6.5%
00074395646,J05A,Lopinavir-Ritonavir (Oral Soln),Lopinavir-Ritonavir (Oral Soln)
61958070101,J05A,Emtricitabine-Tenofovir,Emtricitabine-Tenofovir
51079058205,V03A,Leucovorin Calcium,Leucovorin Calcium
00641111834,N01A,Fentanyl Citrate,N/A
00071101268,N03A,Lyrica,*NF* Pregabalin
00173020155,P01B,Pyrimethamine,Pyrimethamine
00074679922,J05A,Kaletra,Lopinavir-Ritonavir
00049343526,N/A,Fluconazole,N/A
00049343626,J02A,Fluconazole,N/A
00517030110,V03A,Methylene Blue 1%,Methylene Blue 1%
00078018203,H01C,Octreotide Acetate,N/A
00574012004,A07B,Charcoal Aqueous (Activated),Charcoal Aqueous (Activated)
51285075402,S01E,AcetaZOLamide,AcetaZOLamide S.R.
00904506260,A07X,Calcium Citrate,*NF* Calcium Citrate
55370088408,J01C,Amoxicillin,AMOXicillin
54868349200,A07A,Nystatin,Nystatin
00065064835,S01C,Tobramycin-Dexamethasone Ophth Oint,Tobramycin-Dexamethasone Ophth Oint
00049318030,J02A,Voriconazole,Voriconazole
55513012610,B03X,Epoetin Alfa,N/A
00186027613,C01B,Lidocaine 1%,Lidocaine 1%
00049319028,J02A,Voriconazole,N/A
00338049102,N/A,Intralipid 20%,N/A
00054376950,A06A,Saliva Substitute,Lytes/Carboxymethylcellulose
00074427001,C01B,Lidocaine 1%,Lidocaine 1%
00093435693,N06A,Fluoxetine,Fluoxetine
00074114102,B05X,Sodium Chloride 23.4%,N/A
00054848204,N/A,Kaolin-Pectin,Kaolin/Pectin
00078010305,N02B,Butalbital-Aspirin-Caffeine,Butalbital-Aspirin-Caffeine
00182013801,G04B,Phenazopyridine HCl,Phenazopyridine HCl
00121041910,R05C,Guaifenesin,Guaifenesin
00074198510,N05B,Lorazepam,N/A
68084008165,N03A,Gabapentin,Gabapentin
00002324033,N06A,Duloxetine,Duloxetine
51079026720,J01C,Amoxicillin-Clavulanic Acid,Amoxicillin-Clavulanic Acid
00045064265,N03A,Topiramate,Topiramate
00003042950,H02A,Fludrocortisone Acetate,Fludrocortisone Acetate
00087277235,C09C,Avapro,*NF* Irbesartan
50111030801,N05B,HydrOXYzine,HydrOXYzine
00472032126,C05A,Hydrocortisone Cream 1%,Hydrocortisone Cream 1%
43825010201,N02B,Acetaminophen IV,Acetaminophen IV
00310032165,J01D,Meropenem,N/A
51079080720,A02B,Cimetidine,Cimetidine
00044101725,N02A,Hydromorphone-hp,N/A
00007489020,N04B,Ropinirole HCl,Ropinirole HCl
67386061152,N04A,Benztropine Mesylate,Benztropine Mesylate
00054449625,V03A,Leucovorin Calcium,Leucovorin Calcium
51079052920,R06A,Fexofenadine,Fexofenadine
00781573413,A02B,Lansoprazole Oral Disintegrating Tab,Lansoprazole Oral Disintegrating Tab
59730420301,J06B,Hepatitis B Immune Globulin (Nabi-HB),N/A
10019002518,C07A,Esmolol,N/A
00781613694,J01C,Penicillin G Potassium,N/A
00074707013,H03A,Levothyroxine Sodium,Levothyroxine Sodium
00087058011,C10A,Cholestyramine,Cholestyramine
00338004802,B05X,NS (Irrigation Bottle),N/A
53905006501,J01G,Tobramycin Inhalation Soln,Tobramycin Inhalation Soln
00074405001,J01F,NEO*IV*Clindamycin,N/A
00078038566,L04A,*NF* Mycophenolate Sodium,*NF* Mycophenolate Sodium
59676010101,L04A,Muromonab-CD3,Muromonab-CD3
00004026129,L04A,Mycophenolate Mofetil,Mycophenolate Mofetil Suspension
38485120401,N/A,Multivitamins,Multivitamins
11701005032,C05A,Critic-Aid Skin Paste,Critic-Aid Skin Paste
00029316020,A10B,Rosiglitazone Maleate,Rosiglitazone Maleate
00338004501,B05X,NS,N/A
00409488850,B05X,Sodium Chloride 0.9%,N/A
51079095701,C02C,Doxazosin,Doxazosin
63323007620,B05X,Potassium Acetate,N/A
00006009268,C03D,Amiloride HCl,Amiloride HCl
49938010130,J04B,Dapsone,Dapsone
00517031010,V03A,Methylene Blue,N/A
00904052361,A11G,Ascorbic Acid,Ascorbic Acid
00168031230,D01A,econazole,*NF* Econazole Nitrate 1% Cream
51079072120,L04A,Mycophenolate Mofetil,Mycophenolate Mofetil
00115703301,H02A,Fludrocortisone Acetate,Fludrocortisone Acetate
55513054601,L03A,Filgrastim,N/A
61570042003,H01B,Vasopressin,N/A
00015797020,J01C,NEO*IV*Oxacillin,N/A
00015740420,J01C,Ampicillin Sodium,N/A
00186190501,J05A,Foscarnet Sodium,N/A
00904552461,C02C,Doxazosin,Doxazosin
00472040030,D07A,Clobetasol Propionate 0.05% Cream,Clobetasol Propionate 0.05% Cream
54569433200,M02A,Capsaicin 0.025%,Capsaicin 0.025%
00409427601,C01B,Lidocaine 1%,Lidocaine 1%
00071307513,C05A,Tucks Hemorrhoidal Oint 1%,Tucks Hemorrhoidal Oint 1%
49452355001,N/A,Hydrochloric Acid,N/A
00074437805,M03A,Cisatracurium Besylate,Cisatracurium Besylate
00029152611,R01A,Mupirocin Nasal Ointment 2%,Mupirocin Nasal Ointment 2%
00338085104,B05B,Travasol 4.25% W/ Dextrose 5%,N/A
51079051820,N05A,Chlorpromazine HCl,Chlorpromazine HCl
00009079601,H02A,Methylprednisolone Na Succ,N/A
00074582010,N/A,Dopamine HCl,N/A
00310027239,N05A,Quetiapine Fumarate,Quetiapine Fumarate
00034051425,N02A,Morphine Sulfate SR,Morphine Sulfate SR
54092018701,R06A,Trimethobenzamide HCl,Trimethobenzamide HCl
00026884148,C08C,Nifedipine CR,Nifedipine CR
00009454102,G04B,Tolterodine,Tolterodine
61958010101,J05A,Cidofovir,N/A
00006011728,R03D,Montelukast Sodium,Montelukast
66203230001,B01A,Fondaparinux Sodium,Fondaparinux Sodium
11098003005,N01A,Fentanyl Citrate,N/A
54092025290,V03A,Lanthanum,Lanthanum
00597003212,C02A,Clonidine TTS 2 Patch,Clonidine TTS 2 Patch
00173047100,J05A,LaMIVudine,LaMIVudine Oral Soln.
00003362312,J05A,Atazanavir,Atazanavir
00006022761,J05A,Raltegravir,Raltegravir
59676057001,J05A,Etravirine,Etravirine
00703352401,H02A,NEO*IV*Dexamethasone,N/A
00641018025,N02A,NEO*IV*Morphine Sulfate,NEO*IV*Morphine Sulfate
00409978901,N/A,NEO*IV*Fat Emulsion,N/A
61703041807,A11C,Vitamin A,N/A
60432046600,H02A,NEO*PO*Dexamethasone,NEO*PO*Dexamethasone
00186115002,N02A,Morphine (PF),N/A
10019028001,M03A,Pancuronium Bromide,Pancuronium Bromide
00074488710,N/A,Sterile Water,N/A
00597000160,N02B,Dipyridamole-Aspirin,Dipyridamole-Aspirin
00003362412,J05A,Atazanavir,Atazanavir
52268080005,A06A,Miralax,*NF* Miralax
00406052710,N07B,Methadone,Methadone (Concentrated Oral Solution)
59148000835,N05A,Aripiprazole,Aripiprazole
00006327516,N04A,Benztropine Mesylate,Benztropine Mesylate
00338035703,B05B,Mannitol 20 %,N/A
45802073032,N02B,Acetaminophen,Acetaminophen (Rectal)
00074464601,M03A,Pancuronium Bromide (NICU),Pancuronium Bromide (NICU)
00536479901,A11H,Vitamin E,Vitamin E
00078012706,N05A,Clozapine,Clozapine
00075001600,H01B,Desmopressin Acetate,Desmopressin Acetate
00085170103,C08C,NIFEdipine CR,NIFEdipine CR
00121177505,N02A,Guaifenesin-CODEINE Phosphate,Guaifenesin-CODEINE Phosphate
08290301025,N/A,Syringe (Neonatal),N/A
00574010777,A01A,Clotrimazole,Clotrimazole
00093527201,C08C,NIFEdipine CR,NIFEdipine CR
00045044804,R02A,Ibuprofen,Ibuprofen Suspension
00074194063,J05A,Ritonavir (Oral Solution),RiTONAvir (Oral Solution)
00713010213,A06A,Glycerin (Ped),Glycerin (Ped)
00074611411,N03A,Divalproex Sod. Sprinkles,Divalproex Sod. Sprinkles
00002714001,B01A,Abciximab,N/A
60505018500,C09A,Lisinopril,Lisinopril
51079008420,C01D,Isosorbide Dinitrate,Isosorbide Dinitrate
00186103301,N01B,Bupivacaine 0.5%,N/A
00007323211,B01A,Fondaparinux Sodium,Fondaparinux Sodium
00641111433,N02A,Morphine Sulfate PF,N/A
17478028435,S01A,Gentamicin Sulfate Ophth.,Gentamicin Sulfate Ophth.
00338102541,J01C,Penicillin G Potassium,N/A
59390018650,S01F,Atropine Sulfate 1% Ophth Ointment,Atropine Sulfate 1% Ophth Ointment
50242010039,R05C,*NF* Dornase Alfa Inh. Soln.,*NF* Dornase Alfa Inh. Soln.
00182178989,A03F,Metoclopramide,Metoclopramide
63323018001,A05B,Pyridoxine HCl,Pyridoxine HCl
62161000334,V03A,Fomepizole,N/A
00074612390,C10A,fenofibrate,*NF* Fenofibrate 
00074612290,C10A,fenofibrate,*NF* Fenofibrate
00068050861,J04A,Rifampin,Rifampin
00044101101,N02A,Hydromorphone P.F.,N/A
55390012301,J04A,Rifampin,N/A
00781215901,A05A,Niacin SR,Nicotinic Acid SR
55390023210,L01D,Doxorubicin,N/A
00173017855,N06A,BuPROPion (Sustained Release),BuPROPion
00015050301,L01A,Cyclophosphamide,N/A
00703514001,V03A,Leucovorin Calcium,N/A
66479024725,V03A,Leucovorin Calcium,N/A
63323012250,L01B,Methotrexate Sodium,N/A
00023031204,S01X,Artificial Tear Ointment,Artificial Tear Ointment
00006011731,R03D,Montelukast Sodium,Montelukast
50419010510,C07A,Sotalol,Sotalol
00005010441,J07A,NEO*IM*Haemophilus B Conjugate,NEO*IM*Haemophilus B Conjugate
51079098620,N05B,BusPIRone,BusPIRone
51079063320,N05B,Clorazepate Dipotassium,Clorazepate Dipotassium
00703951403,J01E,Sulfameth/Trimethoprim,N/A
51079093020,C07A,Carvedilol,Carvedilol
12870000102,D08A,Silver Nitrate Applicator,Silver Nitrate
00186013701,C01B,Lidocaine 0.5%,Lidocaine 0.5% MPF
00168001431,C05A,Hydrocortisone Cream 0.5%,Hydrocortisone Cream 0.5%
67457021720,N07B,Methadone,N/A
00072026006,D05A,Calcipotriene 0.005% Cream,Calcipotriene 0.005% Cream
51079022020,N04A,Benztropine Mesylate,Benztropine Mesylate
00338114703,B05B,Amino Acids 5%-Dextrose 15%,N/A
00002324001,N06A,Duloxetine,Duloxetine
00006384371,J01D,*NF* Ertapenem Sodium,N/A
00904399161,N06A,traZODONE,traZODONE
00054350547,C05A,Alternagel-Benadryl-Lidocaine Visc.,Alternagel-Benadryl-Lidocaine Visc.
66479013619,L01B,Methotrexate Sodium,N/A
00074454801,P01C,Pentamidine Isethionate,N/A
00083000730,N06B,Methylphenidate HCl,Methylphenidate HCl
63323038310,N07A,Neostigmine,Neostigmine
00032421011,N06A,Fluvoxamine Maleate,Fluvoxamine Maleate
00078033706,N03A,Oxcarbazepine,Oxcarbazepine
00002416502,G03X,Evista,*NF* Raloxifene
00074120301,N02A,Meperidine HCl,N/A
63459010001,N06B,Provigil,*NF* Modafinil
59627000103,L03A,Avonex Administration Pack,*NF* Interferon Beta-1A
00004001823,B01A,Ticlopidine HCl,Ticlopidine HCl
00078032705,N04B,Comtan,*NF* Entacapone
54569204000,D06B,Silver Sulfadiazine 1% Cream,Silver Sulfadiazine 1% Cream
00039022311,A10B,Amaryl,*NF* Glimepiride
00338100702,C01C,DOPamine,N/A
00395200391,A06A,Orange Oil,Orange Oil
00173069700,R03B,*NF* Salmeterol-Fluticasone,*NF* Salmeterol-Fluticasone
00173038879,R03B,Beclomethasone Dipro. AQ (Nasal),Beclomethasone Dipro. AQ (Nasal)
00781315796,J01D,Cefazolin,Cefazolin
00548604525,N02A,Morphine Sulfate,N/A
00078040605,C08C,Lotrel,*NF* Amlodipine-Benazepril
62794010150,D06B,Sulfamylon,*NF* Mafenide Acetate 8.5 % Cream
00054852625,N05A,Lithium Carbonate,Lithium Carbonate
65231002101,N/A,*NF* Gelclair,*NF* Gelclair
63323014210,L01A,Ifosfamide,N/A
55390013301,L01B,Cytarabine,N/A
00015356302,V03A,Mesna,N/A
00904264860,J01C,Dicloxacillin,Dicloxacillin
00409109732,N/A,Codeine Phosphate,Codeine Phosphate
00054858324,N02A,Morphine Sulfate IR,Morphine Sulfate (Immediate Release)
00168002638,D06A,Bacitracin Ointment,Bacitracin Ophthalmic Oint
00065039605,S01F,Cyclopentolate 1%,Cyclopentolate 1%
00006092558,M05B,Alendronate Sodium,Alendronate Sodium
00904505359,R01B,Pseudoephedrine HCl,Pseudoephedrine HCl
00008077102,C01D,Isosorbide Mononitrate,Isosorbide Mononitrate
00998030305,S01F,Atropine Sulfate Ophth 1%,Atropine Sulfate Ophth 1%
11980080103,S01B,Flurbiprofen 0.03%,Flurbiprofen 0.03%
55513047810,B03X,Epoetin Alfa,N/A
00054412925,L01A,Cyclophosphamide,Cyclophosphamide
00054413025,L01A,Cyclophosphamide,Cyclophosphamide
00054819216,C01A,Digoxin,Digoxin (Elixir)
00044182110,C08D,Verapamil HCl,Verapamil HCl
00065024620,S01E,Betaxolol Hcl  0.25%,Betaxolol HCl  0.25%
51079005520,M03B,Soma,*NF* Carisoprodol
00078037615,C09C,Valsartan,Valsartan
00517345025,B05B,Sodium Phosphate,N/A
00172571210,A10B,Glyburide/Metformin (5mg-500mg),Glyburide/Metformin (5mg-500mg)
51079008520,C01D,Isosorbide Dinitrate,Isosorbide Dinitrate
37000002404,N/A,Psyllium,Psyllium
00173099394,D06B,Acyclovir Ointment 5%,Acyclovir Ointment 5%
00555098040,C08C,Nimodipine,Nimodipine
00517250210,V04C,Caffeine-Sodium Benzoate,N/A
54569470200,C04A,Phentolamine Mesylate,Phentolamine Mesylate
00004196401,J01D,Ceftriaxone,CefTRIAXone
00555081502,J01M,Ciprofloxacin HCl,Ciprofloxacin HCl
51079012220,G01A,Metronidazole,Metronidazole
00002759701,N05A,Olanzapine,Olanzapine
51079019120,C01E,Indomethacin,Indomethacin
00093077198,C10A,Pravastatin,Pravastatin
51079008620,N06A,Mirtazapine,Mirtazapine
00378912298,N02A,Fentanyl Patch,Fentanyl Patch
00378912398,N02A,Fentanyl Patch,Fentanyl Patch
61314034202,S01F,Phenylephrine 2.5 % Ophth Soln,Phenylephrine 2.5 % Ophth Soln
00998035515,S01F,Tropicamide 1 %,Tropicamide 1 %
00574202001,C05A,Hydrocortisone Enema,Hydrocortisone Enema
00069152068,C08C,Amlodipine,Amlodipine
00517003125,B03B,Cyanocobalamin,Cyanocobalamin
52544092226,N/A,Ferric Gluconate,N/A
59075068010,N03A,Zonisamide,Zonisamide
39822105505,J02A,Amphotericin B,N/A
00409379501,M01A,Ketorolac,Ketorolac
00054023624,N02A,Morphine Sulfate IR,Morphine Sulfate (Immediate Release)
59676030201,B03X,Epoetin Alfa,N/A
00186021503,C01B,Lidocaine 2%,Lidocaine 2% P.F.
10019007587,C07A,Esmolol,N/A
00169183311,A10A,Insulin,Insulin Reg Human (NovoLIN R)
00008103110,L04A,Sirolimus,Sirolimus
00074231660,D03B,Collagenase Ointment,Collagenase Ointment
46287050030,V04C,Sorbitol,Sorbitol Solution
00074712611,N03A,Divalproex Sodium ER,Divalproex Sodium ER
63672105002,N06A,Fluvoxamine Maleate,Fluvoxamine Maleate
00406577162,N07B,Methadone,Methadone
00045081015,D03A,Becaplermin Gel 0.01%,Becaplermin Gel 0.01%
00536407701,A05A,Niacin,Niacin SR
00008083701,N06A,Venlafaxine XR,Venlafaxine XR
08290823000,V06D,Glucose Tab,Glucose Tab
00409234632,C01C,DOBUTamine,N/A
00085061305,D01A,Clotrimazole Cream,Clotrimazole Cream
00338068704,B05B,Potassium Chl 40 mEq / 1000 mL D5W,N/A
51079081320,C07A,Nadolol,Nadolol
00904564061,C09A,Lisinopril,Lisinopril
00087607311,A10B,Glyburide/Metformin (2.5mg-500mg),Glyburide/Metformin (2.5mg-500mg)
00029315913,A10B,Rosiglitazone Maleate,Rosiglitazone Maleate
63323039810,J01F,Azithromycin ,N/A
00002411230,N05A,Olanzapine,Olanzapine
51079027920,C07A,Propranolol HCl,Propranolol HCl
00143129001,M03B,Methocarbamol,Methocarbamol
00121053107,N03A,Phenobarbital Elixir,Phenobarbital Elixir
00006362050,C03C,Ethacrynate Sodium,N/A
00074231650,D03B,Collagenase Ointment,Collagenase Ointment
00078044805,C09A,Benazepril,*NF* Benazepril
00008103105,L04A,Sirolimus,Sirolimus
10019010210,N05B,Lorazepam,N/A
00338007704,B05B,D5 1/4NS,N/A
50458039530,N05A,Risperidone (Disintegrating Tablet),Risperidone (Disintegrating Tablet)
65649040130,C05A,Hydrocortisone Acetate Ointment 1%,Hydrocortisone Acetate Ointment 1%
00093960412,N05A,Haloperidol,Haloperidol Concentrate
00168000415,D07A,Triamcinolone Acetonide 0.1% Cream,Triamcinolone Acetonide 0.1% Cream
00006336703,S01E,Timolol Maleate 0.5%,Timolol Maleate 0.5%
00186198804,R03B,Pulmicort,*NF* Budesonide Neb Solution
00409910420,C01C,DopAmine,N/A
59762503301,A10B,GlipiZIDE XL,GlipiZIDE XL
64764015105,A10B,Pioglitazone HCl,Pioglitazone HCl
54569473400,H04A,Glucagon,Glucagon
00005381638,C07A,Bisoprolol Fumarate,*NF* Bisoprolol Fumarate
54569124700,D01A,Nystatin,Nystatin
00074449803,N/A,Remifentanil HCl,Remifentanil HCl
00013010111,A07E,Sulfasalazine,Azulfidine
00048104013,H03A,Levothyroxine Sodium,Levothyroxine Sodium
67286417701,C07A,Acebutolol HCl,Acebutolol HCl
00087606313,A10B,Glucophage XR,Metformin XR
00071101468,N03A,Lyrica,*NF* Pregabalin
51079022120,N04A,Benztropine Mesylate,Benztropine Mesylate
00173093308,J05A,Valacyclovir,*NF* ValACYclovir
00006074961,C10A,Simvastatin,Simvastatin
00056051030,J05A,Efavirenz,Efavirenz
00781107101,S01E,Methazolamide,Methazolamide
45802073232,N02B,Acetaminophen (Childrens),Acetaminophen (Childrens)
00703940204,J01G,Tobramycin Sulfate,N/A
00078011022,L04A,CycloSPORINE (Sandimmune),Cyclosporine (Sandimmune)
00002750201,L01B,Gemcitabine HCl,N/A
00013010201,A07E,Sulfasalazine,Azulfidine EN-Tab
00186000431,C09C,Atacand,*NF* Candesartan Cilexetil
00026819763,B02A,Aprotinin (Bovine),Aprotinin
45802005535,D07A,Triamcinolone 0.1% Ointment,Triamcinolone 0.1% Ointment
00777512058,N06A,Fluoxetine HCl,Fluoxetine Oral Liquid
00078010901,L04A,CycloSPORINE (Sandimmune),N/A
00046074905,N/A,Estrogens Conjugated,Estrogens Conjugated
00074104008,N/A,Beractant,Beractant
50383074120,R03A,Albuterol Sulfate,Albuterol 0.5%
00075905110,J01F,Quinupristin/Dalfopristin,N/A
00245021201,C01C,Midodrine,Midodrine
00904567861,N06A,Paroxetine HCl,Paroxetine HCl
00168002131,D06A,Bacitracin-Polymyxin Ointment,Bacitracin-Polymyxin Ointment
63824000840,R05C,Guaifenesin,*NF* Guaifenesin LA
00998020215,S01E,Pilocarpine 0.5%,Pilocarpine 0.5%
11980046925,S01E,Levobunolol Hcl 0.25%,Levobunolol Hcl 0.25%
60793013601,N/A,Skelaxin,*NF* Metaxalone
00008417704,C07A,Acebutolol HCl,Acebutolol HCl
53014054867,R06A,Chlorpheniramine-Hydrocodone,Chlorpheniramine-Hydrocodone
61703040242,V03A,Methylene Blue 1%,Methylene Blue 1%
51079089120,C03C,Bumetanide,Bumetanide
00054023755,N02A,Morphine Sulfate (Oral Soln.),Morphine Sulfate (Oral Soln.)
00078012606,N05A,Clozapine,Clozapine
00338040903,C01B,Lidocaine,N/A
00517077010,C03C,Torsemide,Torsemide 
00168000480,D07A,Triamcinolone Acetonide 0.1% Cream,Triamcinolone Acetonide 0.1% Cream
00173094955,J05A,Acyclovir,Acyclovir
60505008000,C07A,Sotalol,Sotalol
00406112201,N06B,Methylphenidate HCl,Methylphenidate HCl
61314001601,S01H,Proparacaine HCl 0.5% Opth.,Proparacaine HCl 0.5% Opth.
50458003705,N02A,Fentanyl Patch,Fentanyl Patch *NF*
00049155066,A10B,Glipizide XL,Glipizide XL
00186502031,A02B,Nexium,*NF* Esomeprazole
00004110150,L01B,*NF* Capecitabine,*NF* Capecitabine
00009361803,J01D,Cefpodoxime Proxetil,Cefpodoxime Proxetil
62756051344,N03A,LeVETiracetam,N/A
54569535100,N05B,Diazepam,Diazepam
00536127096,P03A,Lindane Shampoo,Lindane Shampoo
55045141500,J01D,Cephalexin ,Cephalexin 
60574411401,J06B,Palivizumab,Palivizumab
58016032730,A02B,Neo*PO*Omeprazole,Neo*PO*Omeprazole
00536222075,N/A,Simethicone,Simethicone
00591071601,P01B,Quinine Sulfate,Quinine Sulfate
00904357161,G03A,Megestrol Acetate,Megestrol Acetate
51079014120,N05B,Chlordiazepoxide HCl,Chlordiazepoxide HCl
00406851501,N02A,OxycoDONE Liquid,OxycoDONE (Immediate Release) 
00054022463,N03A,LeVETiracetam Oral Solution,LeVETiracetam Oral Solution
51079045020,C08C,Amlodipine,Amlodipine
51079082120,N03A,LeVETiracetam,LeVETiracetam
68084020601,C03D,Spironolactone,Spironolactone
00007401020,N05A,Lithium Carbonate CR,Lithium Carbonate CR
00002445485,N05A,Olanzapine (Disintergrating Tablet),Olanzapine (Disintergrating Tablet)
00034210001,D08A,Povidone Iodine 1/8 Strength,Povidone Iodine 1/8 Strength
63323025803,H02A,MethylPREDNISolone Sodium Succ,MethylPREDNISolone Sodium Succ
00338043103,B01A,NS,N/A
61553015311,C01C,NORepinephrine,N/A
00338105548,J01X,MetRONIDAZOLE (FLagyl),N/A
00008083703,N06A,Venlafaxine XR,Venlafaxine XR
00003272510,J01G,Tobramycin Sulfate,N/A
65597010330,C09C,Benicar,*NF* Olmesartan Medoxomil
59148000913,N05A,Abilify,*NF* Aripiprazole
00006093628,M05B,Alendronate Sodium,Alendronate Sodium
00006043268,C03A,Chlorothiazide,Chlorothiazide
72140045585,N/A,Aquaphor Ointment,Aquaphor Ointment
51079089320,C03C,Bumetanide,Bumetanide
00173068254,R03A,Albuterol Inhaler,Albuterol Inhaler
59075059215,M03B,Tizanidine HCl,Tizanidine HCl
66479002182,B02A,Aminocaproic Acid,Aminocaproic Acid
00052073110,N/A,Cosyntropin,Cosyntropin
63323037601,H01C,Octreotide Acetate,N/A
52769057466,J06B,Varicella-Zoster Imm Globulin,Varicella-Zoster Immune Glob
50458016601,J01M,Levofloxacin,N/A
00904054460,A11D,Thiamine,Thiamine
00003223011,J01D,Aztreonam,N/A
00409477750,J01M,Ciprofloxacin IV,N/A
64980010401,N/A,Phosphorus,Phosphorus
38341006545,R02A,Orabase w/ Benzocaine Paste,Orabase w/ Benzocaine Paste
00781320495,C08C,NiCARdipine IV,N/A
14789040005,N03A,LeVETiracetam,N/A
50458003305,N02A,Fentanyl Patch,Fentanyl Patch
00006371350,N/A,Tirofiban,N/A
49281048991,J07A,Meningococcal Vaccine,Meningococcal Vaccine
33332001201,J07B,Influenza Virus Vaccine,Influenza Virus Vaccine *Latex Free*
57664013565,C08C,Nimodipine,Nimodipine
00641607325,N02A,Morphine Sulfate,Morphine
00409189001,N02A,Morphine Sulfate,Morphine Sulfate (Syringe)
58914050156,A07E,Mesalamine (Rectal),Mesalamine (Rectal)
00149075215,A07E,Mesalamine DR,Mesalamine DR
17317001801,N/A,Alum Potassium,N/A
00074630411,J01F,Erythromycin,Erythromycin
00034051725,N02A,Morphine Sulfate SR,Morphine Sulfate SR
00034051525,N02A,Morphine Sulfate SR,Morphine Sulfate SR
00781139713,N05A,Haloperidol,Haloperidol
53014084261,R05D,Dextromethorphan Poly Complex,Dextromethorphan Polistirex
00078033184,L04A,*NF* Basiliximab,N/A
64764015104,A10B,Pioglitazone HCl,Pioglitazone HCl
00074126130,N02A,Morphine Sulfate,Morphine Sulfate
00054355563,N07B,Methadone HCl,Methadone Oral Liquid
64455099394,D06B,Acyclovir Ointment 5%,Acyclovir Ointment 5%
00258368790,C08D,Diltiazem Extended-Release,Diltiazem Extended-Release
00032121201,A09A,Creon 12,Creon 12
63323036820,J01C,Ampicillin-Sulbactam,N/A
00409492834,A12A,Calcium Chloride,Calcium Chloride
00054881501,V04C,Sodium Polystyrene Sulfonate,Sodium Polystyrene Sulfonate
54569518100,N/A,Influenza Virus Vaccine,Influenza Virus Vaccine
59772246302,C07A,Nadolol,Nadolol
00015302020,N/A,Amikacin,N/A
00008070102,N06A,Venlafaxine,Venlafaxine
00004016201,C03C,Bumetanide,Bumetanide
62584075001,N06A,Imipramine HCl,Imipramine HCl
00003083050,L01X,Hydroxyurea,Hydroxyurea
10019014501,C07A,Propranolol HCl,Propranolol HCl
00074436510,M03A,Mivacurium Chloride,Mivacurium Chloride
00052045015,M03A,Rocuronium,*NF* Rocuronium Bromide
00025152531,L01X,Celecoxib,*NF* Celecoxib
50458003605,N02A,Fentanyl Patch,Fentanyl Patch
00310075239,C10A,Rosuvastatin Calcium,Rosuvastatin Calcium
68084030401,C07A,Metoprolol Succinate XL,Metoprolol Succinate XL
00409159304,B05B,Tromethamine,N/A
00074706911,H03A,Levothyroxine Sodium,Levothyroxine Sodium
00173093356,J05A,ValACYclovir,ValACYclovir
00074128301,N02A,Hydromorphone P.F.,N/A
00093312301,J01C,DiCLOXacillin,DiCLOXacillin
00069420030,G04B,Sildenafil Citrate,Sildenafil Citrate
00009379401,C01B,Ibutilide Fumarate,N/A
00029321213,N06A,Paroxetine HCl,Paroxetine HCl
00087081843,N05B,Buspirone,Buspirone
63739007910,C08D,Diltiazem,Diltiazem
49999026728,J01C,Dicloxacillin,Dicloxacillin
00067099012,D01B,Terbinafine 1% Cream,Terbinafine 1% Cream
00781323909,J01M,Ciprofloxacin IV,N/A
00172364910,A10B,GlipiZIDE,GlipiZIDE
10019004604,A02B,Famotidine (IV),N/A
00677053333,A07B,Kaolin,Kaolin-Pectin
00009311602,D10A,Clindamycin,Clindamycin 1% Solution
63323054207,B01A,Heparin Sodium,N/A
00074427501,C01B,Lidocaine 0.5%,Lidocaine 0.5%
45802046564,D01A,Ketoconazole Shampoo,Ketoconazole Shampoo
49281037415,N/A,Influenza Virus Vaccine,Influenza Virus Vaccine
58914078510,A05A,Ursodiol,*NF* Ursodiol
24208054505,S01E,Levobunolol,Levobunolol 0.25%
00310020130,L02B,Arimidex,*NF* Anastrozole
00049342041,J02A,Fluconazole,Fluconazole
59390006717,D01A,Miconazole 2% Cream,Miconazole 2% Cream
61314020315,S01E,Pilocarpine 1%,Pilocarpine 1%
10019021301,N01A,Propofol (Generic),Propofol (Generic)
00781710955,N02A,Fentanyl Patch,Fentanyl Patch *NF*
51079089101,C03C,Bumetanide,Bumetanide
00145150405,D01A,Talc,Talc
49452760002,N/A,Talc (Sterile),N/A
00093519501,J01C,Penicillin V Potassium,Penicillin V Potassium
00074380611,G04C,Terazosin HCl,Terazosin HCl
00048108003,H03A,Levothyroxine Sodium,Levothyroxine Sodium
00172572810,A02B,Famotidine,Famotidine (PO)
58468008001,L04A,Anti-Thymocyte Globulin (Rabbit),N/A
00536476301,N/A,Vitamin B Complex w/C,Vitamin B Complex w/C
51079002720,C01B,Quinidine Gluconate,Quinidine Gluconate
00781312495,J01C,Nafcillin Desensitization,N/A
00048109013,H03A,Levothyroxine Sodium,Levothyroxine Sodium
00048106003,H03A,Levothyroxine Sodium,Levothyroxine Sodium
00054802625,R03D,Aminophylline,Aminophylline
00054802525,R03D,Aminophylline,Aminophylline
00093026415,C05A,Fluocinonide 0.05% Ointment,Fluocinonide 0.05% Ointment
00065024605,S01E,Betaxolol Hcl  0.25%,Betaxolol Hcl  0.25%
00078017605,C10A,Fluvastatin Sodium,*NF* Fluvastatin
00009005002,G03D,Medroxyprogesterone Acetate,Medroxyprogesterone Acetate
00087075501,G03C,Estradiol,Estradiol
00766004548,N07B,Nicotine Polacrilex,Nicotine Polacrilex
54569364400,N/A,Hepatitis B Vaccine,Hepatitis B Vaccine
00085132801,J02A,Posaconazole Suspension,Posaconazole Suspension
00904578961,J05A,Acyclovir,Acyclovir
00132010803,N/A,Fleet Phospho-Soda,Phospho-Soda
00338027203,N/A,Dextran 40 10%,N/A
60574411201,J06B,NEO*IM*Palivizumab,NEO*IM*Palivizumab
00472008216,J05A,Acyclovir,Acyclovir Suspension
51079043620,N06A,Doxepin HCl,Doxepin HCl
00029320713,N06A,Paroxetine HCl,*NF* Paroxetine CR
00083000330,N06B,Methylphenidate HCl,Methylphenidate HCl
00456064416,R03D,Theophylline (Oral Solution),Theophylline (Oral Solution)
00169008281,A10B,Repaglinide,Repaglinide
00067399842,D01B,Terbinafine 1% Cream,Terbinafine 1% Cream
00078031190,H05B,Calcitonin Salmon,Calcitonin Salmon Nasal
00006073128,C10A,Mevacor,*NF* Lovastatin
00409434673,B02A,Aminocaproic Acid,Aminocaproic Acid
00009454402,G04B,Tolterodine,Tolterodine
53489038601,C02D,Minoxidil,Minoxidil
51079089520,R06A,Promethazine,Promethazine
00004691106,V03A,Flumazenil,Flumazenil
00406839062,N02A,Morphine Sulfate SR,Morphine Sulfate SR
51079056520,N05A,Thioridazine HCl,Thioridazine HCl
00075291501,B01A,Enoxaparin Sodium,Enoxaparin Sodium
00074401390,C10A,Tricor,*NF* Fenofibrate
74300000533,N/A,Bengay,Bengay
00048580701,C09A,Trandolapril,Trandolapril
00168002135,D06A,Bacitracin-Polymyxin Ointment,Bacitracin-Polymyxin Ointment
55390007001,L01C,VinORELbine (Navelbine),N/A
51079061020,J01C,Dicloxacillin,Dicloxacillin Sodium
00591577710,C07A,Atenolol,Atenolol
00065027505,S01E,Brinzolamide,*NF* Brinzolamide 1% Ophth
00093026492,C05A,Fluocinonide 0.05% Ointment,Fluocinonide 0.05% Ointment
00044101710,N02A,Hydromorphone,Hydromorphone PCA
00338101341,J01C,Oxacillin,N/A
00121068305,N02A,Guaifenesin,Guaifenesin-Codeine Phosphate
00597008461,N04B,Mirapex,*NF* Pramipexole
00044101201,N02A,Hydromorphone,N/A
00015733812,J01D,Cefazolin,N/A
65293000101,B01A,Bivalirudin,N/A
00007489220,N04B,Ropinirole HCl,Ropinirole HCl
00025171001,C03D,Eplerenone,Eplerenone
51079009020,R06A,Meclizine HCl,Meclizine HCl
00049392083,N05A,Ziprasidone,Ziprasidone
50383063550,G01A,*NF* Pediatric Vitamins ADC,*NF* Pediatric Vitamins ADC
63481037710,A06A,Naloxone HCl,Naloxone HCl
00182000101,A05A,Niacin,Niacin
00074233211,N02A,Hydromorphone P.F.,N/A
50458029001,J02A,Itraconazole,Itraconazole
00641039525,J01G,Gentamicin Sulfate,N/A
00472159591,R01A,Oxymetazoline HCl,Oxymetazoline Hcl
49281048901,J07A,Meningococcal Vaccine,Meningococcal Vaccine
00536454410,N/A,Sodium Bicarbonate,Sodium Bicarbonate
00186035003,C05A,Lidocaine 5% Ointment,Lidocaine 5% Ointment
51079016320,R06A,Chlorpheniramine Maleate,Chlorpheniramine Maleate
00078034905,N02C,Ergotamine-Caffeine,Ergotamine-Caffeine
00186023003,C01B,Lidocaine 1%,Lidocaine 1%
54569265700,S01G,Naphazoline 0.1% Ophth,Naphazoline 0.1% Ophth
00049277041,C02C,Doxazosin,Doxazosin
00409509216,J01D,CeftazIDIME,N/A
61314022705,S01E,Timolol Maleate 0.5%,Timolol Maleate 0.5%
00186045158,C08C,Felodipine,Felodipine
00071101441,N03A,Pregabalin,Pregabalin
33332000801,N/A,Influenza Virus Vaccine,Influenza Virus Vaccine
24208033005,S01E,Timolol Maleate 0.25%,Timolol Maleate 0.25%
00409793124,C01B,Lidocaine,N/A
00078018001,H01C,Octreotide Acetate,N/A
00703102930,J02A,Fluconazole,N/A
54569151300,D07X,Clotrimazole 1% Vaginal Crm,Clotrimazole 1% Vaginal Crm
00074318301,N01B,Lidocaine 2%/Epinephrine,Lidocaine 2%/Epinephrine
00364217301,C02D,Minoxidil,Minoxidil
00004026501,C03C,Torsemide,Torsemide
00005230933,N/A,Pneumococcal Vac Polyvalent,Pneumococcal 23-Val P-Sac Vac
00009000202,N04B,Mirapex,*NF* Pramipexole
00904421813,B03B,Cyanocobalamin,Cyanocobalamin
00168004631,C05A,Dibucaine,Dibucaine
00048113013,H03A,Levothyroxine Sodium,Levothyroxine Sodium
00054859511,N02A,Meperidine,Meperidine
54162050001,N/A,Aquaphor Ointment,Aquaphor Ointment
00049162030,A10B,Glipizide XL,Glipizide XL
00049278041,C02C,Doxazosin,Doxazosin
00074910420,N/A,DopAmine,N/A
00006021468,C03A,Chlorothiazide,Chlorothiazide
00093720198,C10A,Pravastatin,Pravastatin
00781104613,N05A,Perphenazine,Perphenazine
00108380620,C03D,Triamterene,Triamterene
00006351936,S01E,Dorzolamide 2% Ophth. Soln.,Dorzolamide 2% Ophth. Soln.
00703324811,L01X,CARBOplatin,N/A
00591319872,N02A,Fentanyl Patch,Fentanyl Patch
00065039602,S01F,Cyclopentolate 1%,Cyclopentolate 1%
00173063302,N03A,Lamotrigine,Lamotrigine
55390007710,N05A,Prochlorperazine,Prochlorperazine
00703102030,J02A,Fluconazole,N/A
00173046400,R03A,Salmeterol,Salmeterol
00555027202,M04A,Sulfinpyrazone,Sulfinpyrazone
00555027102,M04A,Sulfinpyrazone,Sulfinpyrazone
00310037851,J01D,Cefotetan,N/A
00085058481,R03D,Theophylline SR,Theophylline SR
00054884504,R03D,Theophylline,Theophylline
51079009520,N03A,PHENObarbital,Phenobarbital
51660078401,N03A,PHENObarbital,Phenobarbital
53905099101,L03A,Aldesleukin,N/A
00409403101,B05B,Mannitol,N/A
00168008031,C05A,Hydrocortisone Cream 2.5%,Hydrocortisone Cream 2.5%
51079033230,N/A,Guaifenesin-Dextromethorphan,Guaifenesin-Dextromethorphan
00487590101,N/A,Epinephrine Inhalation,Epinephrine Inhalation
51079020320,A10B,ChlorproPAMIDE,ChlorproPAMIDE
62584071301,M04A,Allopurinol,Allopurinol
00536185097,R01B,Pseudoephedrine HCl,Pseudoephedrine HCl
00093046301,N03A,LaMOTrigine,LaMOTrigine
00172567310,N06A,Sertraline,Sertraline
00004026706,C03C,Torsemide,Torsemide
00008021201,R06A,Promethazine HCl,Promethazine HCl
00172567410,N06A,Sertraline,Sertraline
00093003901,N03A,LaMOTrigine,LaMOTrigine
17191003500,N/A,Heparin,Heparin
62584081301,N05B,Oxazepam,Oxazepam
00069582043,C01B,Dofetilide,Dofetilide
00597013560,B01A,Dabigatran Etexilate,Dabigatran Etexilate
59762172001,C03D,Eplerenone,Eplerenone
00641236541,H02A,NEO*IV*Hydrocortisone (10mg/mL),N/A
00069581043,C01B,Dofetilide,Dofetilide
00904579461,A10B,MetFORMIN XR (Glucophage XR),MetFORMIN XR (Glucophage XR)
00904568461,A02B,Omeprazole,Omeprazole
00378003201,C07A,Metoprolol Tartrate,Metoprolol Tartrate
59148000235,B01A,Pletal,*NF* Cilostazol
63304052020,J01D,Cefpodoxime Proxetil,Cefpodoxime Proxetil
62584081201,N05B,Oxazepam,Oxazepam
00054010625,C09A,Ramipril,Ramipril
68084027801,J01F,Azithromycin,Azithromycin
00378087199,C02A,Clonidine Patch 0.1 mg/24 hr,Clonidine Patch 0.1 mg/24 hr
00187320010,V04C,Edrophonium Chloride,Edrophonium Chloride
00029321548,N06A,Paroxetine,Paroxetine Suspension
00093947753,A10B,Glyburide,Glyburide
00009043624,N/A,*NF* Arginine HCl,N/A
00536354101,B03B,Cyanocobalamin,Cyanocobalamin
00409117102,N/A,Diltiazem,N/A
00378037301,P01B,Hydroxychloroquine Sulfate,Hydroxychloroquine Sulfate
50111098601,N05B,Clorazepate Dipotassium,Clorazepate Dipotassium
10939020111,A11D,Thiamine,Thiamine
54868152102,C08C,NIFEdipine,NIFEdipine
23731605305,N/A,ACD-A for CRRT,N/A
63323026801,A04A,Scopolamine HBr,Scopolamine Hydrobromide
00034700480,R03D,Theophylline ER (Uniphyl),Theophylline ER (Uniphyl)
50111048303,R03D,Theophylline,Theophylline SR
17236032410,R03D,Theophylline ,Theophylline SR
58016050902,C08D,Verapamil SR,Verapamil SR
00338027003,N/A,Dextran 40 10%,N/A
00338269175,N02A,Meperidine,Meperidine PCA
00015050842,G03A,Megestrol Acetate,Megestrol Oral Soln
51079074220,M01A,Piroxicam,Piroxicam
00062542637,G01A,Miconazole Nitrate Vaginal,Miconazole Nitrate
00008092681,N05C,Sonata,*NF* Zaleplon
52604109401,H03B,Methimazole,Methimazole
00245000331,R05C,Potassium Iodide,Potassium Iodide
51079068320,C08D,Verapamil,Verapamil
00904292061,C08D,Verapamil,Verapamil
52604109501,H03B,Methimazole,Methimazole
00407193103,V08A,*NF* Iopanoic Acid,*NF* Iopanoic Acid
51079089920,C08D,Verapamil SR,Verapamil SR
00009338201,J01F,Clindamycin,N/A
00006006568,C03C,Ethacrynic Acid,Ethacrynic Acid
00378911293,C01D,Nitroglycerin Patch,Nitroglycerin Patch
00574082301,N06B,NEO*IV*Caffeine Citrate,N/A
00597008353,N04B,Pramipexole Dihydrochloride,*NF* Pramipexole
00409492134,C01C,Epinephrine HCl,Epinephrine-Sodium Chloride
00087081943,N05B,Buspirone,Buspirone
00015301020,N/A,Bleomycin,N/A
62584078201,N/A,Methotrexate,Methotrexate Sodium
00168032630,C05A,Nitroglycerin Oint. 2%,Nitroglycerin Oint. 2%
51079005820,C03B,Chlorthalidone,Chlorthalidone
00517570225,C03C,Furosemide,Furosemide
00409651049,J01X,Vancomycin,N/A
00418024510,N/A,Mineral Oil,Mineral Oil
00046047181,C07A,Propranolol LA,Propranolol LA
00149073402,N/A,Dantrolene Sodium,Dantrolene Sodium
54569328200,N03A,Phenobarbital,Phenobarbital
00168003631,N/A,Analgesic Balm,Analgesic Balm
00409909431,N01A,Fentanyl Citrate,N/A
00536478701,N/A,Vitamin B Complex,Vitamin B Complex
68084033701,N03A,LeVETiracetam,LeVETiracetam
00074141005,N/A,Isoproterenol HCl,N/A
50458033001,N05A,Risperidone,Risperidone
00364205101,A07A,Nystatin,Nystatin
00338004804,B05X,NS (IRRIGATION BOTTLE),N/A
00009005605,H02A,Methylprednisolone,Methylprednisolone
00009338202,J01F,Clindamycin,N/A
00338102341,J01C,Penicillin G Potassium,N/A
00264197800,B05B,Alcohol 10%,N/A
00555044609,L02B,Tamoxifen Citrate,Tamoxifen Citrate
61113045158,C08C,Felodipine,Felodipine
00045025301,N05A,Haloperidol Decanoate,Haloperidol Decanoate
00149003005,M03C,Dantrolene Sodium,Dantrolene Sodium
00065003508,A06A,Glycerin,Glycerin 50%
00074165801,H05B,Paricalcitol,Paricalcitol
00187355510,J02A,Flucytosine,Flucytosine
00173094556,J05A,Acyclovir,Acyclovir
00703407559,M05B,Pamidronate,N/A
00264196210,N/A,Dextran 40 10%,N/A
00049156066,A10B,Glipizide XL,Glipizide XL
00149000905,J01X,Nitrofurantoin Macrocrystal,Nitrofurantoin (Macrodantin)
00006351935,S01E,Dorzolamide 2% Ophth. Soln.,Dorzolamide 2% Ophth. Soln.
59762503001,J02A,Fluconazole,Fluconazole Suspension
54569022500,N06A,Nortriptyline,Nortriptyline HCl
00085093381,R03D,Theophylline SR,Theophylline SR
00338068304,B05B,Potassium Chl 20 mEq / 1000 mL D5W,N/A
00049397041,N05A,Ziprasidone,Ziprasidone
00904578561,N06A,Fluoxetine,Fluoxetine
00049398041,N05A,Ziprasidone Hydrochloride,Ziprasidone Hydrochloride
60505082306,H05B,Calcitonin Salmon,Calcitonin Salmon Nasal
50458092010,J01M,Levofloxacin,Levofloxacin
00019481604,N/A,Gastroview (Diatrizoate Meglumine & Sodium),Gastroview (Diatrizoate Meglumine & Sodium)
00049396041,N05A,Ziprasidone Hydrochloride,Ziprasidone Hydrochloride
00310037951,J01D,Cefotetan,N/A
67386050152,N05C,Pentobarbital Sodium,N/A
63010002770,J05A,Nelfinavir Mesylate,NelFINavir Mesylate
51079020020,C02A,Methyldopa,Methyldopa
00006362803,S01E,Dorzolamide 2%/Timolol 0.5% Ophth.,Dorzolamide 2%/Timolol 0.5% Ophth.
00078031154,H05B,Calcitonin Salmon,Calcitonin Salmon Nasal
00548604325,N02A,Morphine Sulfate,N/A
54868365200,P01B,Quinine Sulfate,Quinine Sulfate
24385080701,A12C,Magnesium Sulfate,Epsom Salt
00555059001,J05A,Didanosine EC,Didanosine EC
00597004661,J05A,Nevirapine,Nevirapine
00591321901,N02B,Aspirin-Caffeine-Butalbital,Aspirin-Caffeine-Butalbital
00904213761,B03A,Ferrous Gluconate,Ferrous GLUCONATE
55045213405,D03B,Collagenase Ointment,Collagenase Ointment
00186013501,C01B,Lidocaine 0.5%,Lidocaine 0.5%
00264780020,B05X,NS (Excel),N/A
00173036238,A02B,Ranitidine,N/A
50383082316,J01E,Sulfamethoxazole/Trimethoprim,Sulfamethoxazole/Trimethoprim
00008070401,N06A,Venlafaxine,Venlafaxine
60793058110,N01A,Ketamine HCl,Ketamine HCl
00048580501,C09A,Trandolapril,Trandolapril
00944058101,N/A,Proplex T,Factor 9 Complex
00299383545,D06B,Metronidazole 0.75%,Metronidazole 0.75%
00378912498,N02A,Fentanyl Patch,Fentanyl Patch
00173059500,J05A,Lamivudine-Zidovudine (Combivir),Lamivudine-Zidovudine (Combivir)
00378912198,N02A,Fentanyl Patch,Fentanyl Patch
57706075423,S01E,Acetazolamide,Acetazolamide
00173040000,J01D,Cefuroxime Sodium,N/A
00008033901,J07A,Tetanus Toxoid Adsorbed,Tetanus Toxoid Adsorbed
00149075202,A07E,Mesalamine,Mesalamine DR
00045009569,A09A,Pancrease,Pancrease
00049317030,J02A,Voriconazole,Voriconazole
54569405200,D06A,Mupirocin Cream 2%,Mupirocin Ointment 2%
39506002260,N04B,Selegiline HCl,Selegiline HCl
00093528401,N04B,Ropinirole,Ropinirole
00004196201,J01D,Ceftriaxone,CefTRIAXone
00409780922,C01C,DopAmine,N/A
66591093142,N02A,Oxycodone,Oxycodone
50458030101,N05A,Risperidone,Risperidone
00173044902,N02C,Sumatriptan Succinate,Sumatriptan Succinate
00074492134,C01C,Epinephrine HCl,Epinephrine-Sodium Chloride
00078032406,N06D,Exelon,*NF* Rivastigmine Tartrate
00310028239,N05A,Quetiapine extended-release,Quetiapine extended-release
38779057808,N/A,Metoprolol,Metoprolol
54092017312,N03A,Carbamazepine ER,Carbamazepine ER
68115017430,N05B,HydrOXYzine HCl,HydrOXYzine HCl
55289078860,R03D,Theophylline (Slo-bid) Capsule,Theophylline (Slo-bid) Capsule
54092025390,V03A,Lanthanum,Lanthanum
00338003003,V06D,Dextrose 20% in Water (D20W),N/A
00015300220,N/A,Mitomycin,N/A
00054884816,R03D,Theophylline (Oral Solution),Theophylline (Oral Solution)
00182027124,A06A,Glycerin Supps,Glycerin Supps
00078032306,N06D,Rivastigmine,*NF* Rivastigmine Tartrate
00024135301,R01A,Phenylephrine  0.05% Nasal Spray,Phenylephrine  0.05% Nasal Spray
00409419701,J01F,Clindamycin,N/A
68135045502,H02A,PrednisoLONE Oral Solution,PrednisoLONE Oral Solution
00074471302,C01B,Lidocaine 1%,Lidocaine 1%
52604710001,B02B,Thrombin,Thrombin Topical
61570004935,S03A,Bacitracin/Polymyxin B Sulfate Opht. Oint,Bacitracin/Polymyxin B Sulfate Opht. Oint
55390011301,C04A,Phentolamine Mesylate,Phentolamine Mesylate
00186011201,C01B,Lidocaine 1% (Buffered),Lidocaine 1% (Buffered)
00004050109,L04A,Daclizumab,N/A
00074329406,B05X,Potassium Acetate,N/A
00310075139,C10A,Rosuvastatin Calcium,Rosuvastatin Calcium
51079078320,N04B,Carbidopa-Levodopa (25-250),Carbidopa-Levodopa (25-250)
54569101800,A07A,NEO*PO*Nystatin Suspension,NEO*PO*Nystatin Suspension
00049344019,J02A,NEO*PO*Fluconazole,NEO*PO*Fluconazole
65473070401,N07A,Bethanechol,Bethanechol
24385013395,N/A,Aveeno Bath,Aveeno Colloidal
00025146134,A02B,Misoprostol,Misoprostol
00009085608,G02A,Hemabate,Carboprost Tromethamine
54569188401,N/A,Oxytocin,Pitocin
00078005303,N/A,Methylergonovine Maleate,Methylergonovine Maleate
00078005406,G02A,Methylergonovine Maleate,Methylergonovine Maleate
00023218105,S01B,Acular,*NF* Ketorolac 0.5% Ophth Soln
00003063441,J01C,NEO*IV*Penicillin G Potassium,N/A
00591319101,N07A,Pyridostigmine Bromide,Pyridostigmine Bromide
00054485906,N05C,triaz,*NF* Triazolam
00168008130,D07C,Nystatin-Triamcinolone,Nystatin/Triamcin
00168021560,D10A,Erythromycin,*NF* Erythromycin 2% Topical Soln
00093026215,C05A,Fluocinonide 0.05% Cream,Fluocinonide 0.05% Cream
24477032302,C08C,NiCARdipine IV,N/A
00071053040,C09A,Quinapril,Quinapril
62584075101,N06A,Imipramine HCl,Imipramine HCl
00093874001,C01B,Mexiletine,Mexiletine
49281037215,N/A,Influenza Virus Vaccine,Influenza Virus Vaccine
51079075520,N04B,Carbidopa-Levodopa (10-100),Carbidopa-Levodopa (10-100)
50458030104,N05A,Risperidone,Risperidone
00186103201,N01B,Bupivacaine 0.25%-Epinephrine,Bupivacaine 0.25%-Epinephrine
45802073233,N02B,NEO*PR*Acetaminophen,NEO*PR*Acetaminophen
54868229700,C01D,Isosorbide Dinitrate,Isosorbide Dinitrate
51079080820,A02B,Cimetidine,Cimetidine
54569468300,N/A,Cefepime,N/A
00074206605,C01B,Lidocaine 1%,Lidocaine 1%
00029485220,M01A,Nabumetone,Nabumetone
58768088115,S01G,Naphazoline-Antazoline,Naphazoline-Antazoline
00009045003,C10A,Colestipol,*NF* Colestipol HCl
00517540205,C08D,Verapamil HCl,Verapamil HCl
00002841501,N/A,Insulin,Insulin Human Lente
00024134803,R01A,NEO*NASAL*Phenylephrine 0.125%,NEO*NASAL*Phenylephrine 0.125%
00173026427,C01A,NEO*PO*Digoxin Elixer,NEO*PO*Digoxin Elixer
17314960001,L01D,Doxorubicin HCl Liposomal,N/A
63323073101,A11C,Calcitriol,Calcitriol
65597070118,C10A,Colesevelam,*NF* Colesevelam HCl
00173057000,A04A,Zofran,*NF* Ondansetron ODT
00173044600,A04A,Ondansetron,*NF* Ondansetron HCl
17317038904,N/A,Orange Oil,Orange Oil
00904292461,C08D,Verapamil,Verapamil
63395010105,S02A,Floxin,*NF* Ofloxacin 0.3% OTIC
00904597361,N05A,Risperidone,Risperidone
60505258500,N05A,Risperidone,Risperidone
50580029304,A07D,Loperamide HCl,*NF* Loperamide Suspension
00536138912,N/A,Hemorrhoidal Suppository,Hemorrhoidal Suppository
55390061320,J05A,Acyclovir Sodium,N/A
00206845455,J01C,Piperacillin-Tazobactam Na,N/A
00173023044,N/A,Digoxin Immune Fab,Digoxin Immune Fab
00703505401,H01B,Desmopressin Acetate,Desmopressin Acetate
63739026915,L02B,Tamoxifen Citrate,Tamoxifen Citrate
49281024010,N/A,Mumps Skin Test,N/A
38697601501,N/A,Candida Skin Test,Candida Albicans
51079048101,N04B,Amantadine,Amantadine
00054853416,A07D,Loperamide HCl,Loperamide HCl
11098050701,D01A,Cyanide Antidote,Cyanide Antidote Package
59676032001,B03X,Epoetin Alfa,N/A
00015733912,J01D,Cefazolin,N/A
00024414260,C01B,Dronedarone,Dronedarone
00998020315,S01E,Pilocarpine 1%,Pilocarpine 1%
00008001901,R06A,Promethazine HCl,Promethazine HCl
62037069790,C08D,Diltiazem Extended-Release,Diltiazem Extended-Release
51079054320,N06A,Escitalopram Oxalate,Escitalopram Oxalate
51079092820,C07A,Labetalol,Labetalol
24208050510,S01E,Levobunolol 0.5%,Levobunolol 0.5%
00998020615,S01E,Pilocarpine 4%,Pilocarpine 4%
00168002738,S03A,Neomycin-Polymyxin-Bacitracin Ophth. Oint,Neomycin-Polymyxin-Bacitracin Ophth. Oint
00089030510,C01B,Flecainide Acetate,Flecainide Acetate
61703024615,N02A,Hydromorphone P.F.,N/A
58160087646,N/A,Influenza Virus Vaccine,Influenza Virus Vaccine
00904336561,M03B,Baclofen,Baclofen
00299383528,D06B,Metronidazole 0.75%,Metronidazole 0.75%
00409909422,N01A,Fentanyl Citrate,Fentanyl Citrate
52959045230,R06A,Claritin,*NF* Loratadine
00703441211,L01C,VinCRIStine (Oncovin),N/A
38779003504,N/A,Methotrexate Sodium,N/A
00009376103,J05A,Delavirdine Mesylate,Delavirdine Mesylate
00574012008,A07B,Charcoal-Sorbitol,Charcoal-Sorbitol
61113074228,A02B,Omeprazole,Omeprazole
00338055311,B05X,NS (Mini Bag Plus),N/A
00074227913,C09A,Trandolapril,Trandolapril
00087057202,R05C,Acetylcysteine (IV),N/A
16500002322,B02B,Domeboro,Calcium Acetate/Al Sulfate
00182090401,G04B,Phenazopyridine HCl,Phenazopyridine HCl
00597006761,C01B,Mexiletine HCl,Mexiletine HCl
00536435805,C01B,Procainamide SR,Procainamide SR
51079010220,C01B,Procainamide HCl,Procainamide HCl
00039022211,A10B,Amaryl,*NF* Glimepiride
00078038725,M05B,Zoledronic Acid,N/A
59730839901,N/A,Hepatitis B Immune Globulin (Nabi-HB),N/A
00071053523,C09A,Quinapril,Quinapril
17478028712,S01E,Levobunolol Hcl 0.5%,Levobunolol Hcl 0.5%
51079037420,N05B,Chlordiazepoxide HCl,Chlordiazepoxide HCl
00054881755,V04C,Sodium Polystyrene Sulfonate,Sodium Polystyrene Sulfonate
00078024915,L02B,Femara,*NF* Letrozole
50242013460,L01X,Trastuzumab,N/A
00004110116,L01B,*NF* Capecitabine,*NF* Capecitabine
00186429100,A11C,Vitamin A,Vitamin A
54569272600,N06A,Imipramine HCl,Imipramine HCl
51079048620,N05A,Fluphenazine,Fluphenazine
63323028110,N05A,Fluphenazine,N/A
00046047199,C07A,Propranolol LA,Propranolol LA
00173095396,J05A,Acyclovir,Acylovir Suspension
00029608621,J01C,Amoxicillin-Clavulanic Acid,Amoxicillin-Clavulanic Acid
50484052730,D03B,Collagenase Ointment,Collagenase Ointment
00087607411,A10B,Glucovance (5mg-500mg),Glyburide/Metformin (5mg-500mg)
51079065720,R03C,Albuterol,Albuterol
00023024001,N/A,Lacri-Lube Oint,Lacri-Lube Oint. Preserv. Free
52604710403,B02B,Thrombin,Thrombin Topical
00005921823,J01A,Demeclocycline,*NF* Demeclocycline
00409653301,J01X,Vancomycin,N/A
00206885416,J01C,Piperacillin-Tazobactam Na,N/A
51079084020,J01E,Sulfadiazine,Sulfadiazine
50458039660,N06D,Razadyne,*NF* Galantamine
00173019892,S03A,Neomycin-Polymyxin-HC (Otic),Cortisporin Otic Susp
59676034001,B03X,Epoetin Alfa,N/A
51079006820,B01A,Dipyridamole,Dipyridamole
63010001027,J05A,Nelfinavir Mesylate,Nelfinavir Mesylate
00007313116,J01D,Cefazolin,N/A
63857032810,N05B,Oxazepam,Oxazepam
10019007002,C01C,Milrinone Lactate,N/A
54868311105,J01C,Ampicillin,AMPicillin
00074428202,C01B,Lidocaine 2%,Lidocaine 2%
00904591361,N06A,BuPROPion,BuPROPion
00015321230,L01X,Carboplatin,N/A
10019004502,A02B,Famotidine (IV),N/A
00591315901,A05A,Ursodiol,Ursodiol
51079041520,N/A,Calcium Carbonate,Calcium Carbonate
00066043115,D10A,Benzoyl Peroxide Gel 10%,Benzoyl Peroxide Gel 10%
59762308001,J01F,Azithromycin,Azithromycin
00075245153,H01B,Desmopressin Acetate,Desmopressin Acetate
00078001715,G02C,Bromocriptine Mesylate,Bromocriptine Mesylate
00641041025,B01A,Heparin,Heparin Sodium
00074567304,N/A,Hydrocortisone Na Succinate,N/A
00904565261,G04C,Terazosin,Terazosin
00406048462,N02A,Acetaminophen w/Codeine,Acetaminophen w/Codeine
00054372144,H02A,PredniSONE,Prednisone Intensol
00781210401,L04A,Tacrolimus,Tacrolimus
00781210301,L04A,Tacrolimus,Tacrolimus
51079089020,J04A,Rifampin,Rifampin
00555090201,N07B,naltrexone,*NF* Naltrexone
51079052020,D11A,Finasteride,Finasteride
51079042420,B01A,cilostazol,*NF* Cilostazol
00002756101,B01A,Drotrecogin Alfa (Xigris),N/A
00004018809,M05B,Boniva,*NF* Ibandronate
00003173840,J01C,Amoxicillin Oral Susp.,Amoxicillin Oral Susp.
00338004910,B05X,NS,N/A
50458039060,N06D,Galantamine Hydrobromide,*NF* Galantamine
00904105661,N04A,Benztropine Mesylate,Benztropine Mesylate
67159011203,C01E,Ranolazine,*NF* Ranolazine ER
60793011601,H03A,Liothyronine Sodium,Liothyronine Sodium
00536391801,A03B,L-Hyoscyamine,L-Hyoscyamine
00904553561,M01A,Naproxen,Naproxen
00054352763,N05A,Lithium Citrate (Syrup),Lithium Citrate (Syrup)
00409427001,C01B,Lidocaine 1% P.F.,N/A
00056052168,N04B,Carbidopa-Levodopa CR (50-200),Carbidopa-Levodopa CR (50-200)
51079043720,N06A,Doxepin HCl,Doxepin HCl
00591079601,A07E,SulfaSALAzine,SulfaSALAzine
00406112101,N06B,Methylphenidate,Methylphenidate
00703005104,H02A,Methylprednisolone Acetate,Methylprednisolone Acetate
52604512501,H03A,Levoxyl,*NF* Levothyroxine ( Levoxyl)
54868370400,G03B,Testosterone 2.5mg Patch,Testosterone 2.5mg Patch
55390011405,L01C,Paclitaxel,N/A
00409217205,N02A,HYDROmorphone-HP,N/A
59148000813,N05A,Aripiprazole,Aripiprazole
00264780010,B05X,NS (Excel),N/A
54569198900,R03A,Albuterol,Albuterol 0.5%
10019002902,M01A,Ketorolac,Ketorolac
00087060942,C09A,Monopril,Fosinopril Sodium
00472120006,N02B,Acetaminophen (Childrens),Acetaminophen (Childrens)
10019017844,N02A,NEO*IV*Morphine Sulfate,NEO*IV*Morphine Sulfate
00087015846,C09A,Monopril,Fosinopril Sodium
50458022001,H02C,Ketoconazole,Ketoconazole
54569439800,N/A,Tetanus Immune Globulin,Tetanus Immune Globulin
00641061025,A11D,Thiamine HCl,Thiamine HCl
66993000860,B01A,Cilostazol,*NF* Cilostazol
00310070539,L02B,Casodex,*NF* Bicalutamide
00186074382,A02B,Omeprazole,*NF* Omeprazole
10038011734,N/A,Kaolin/Pectin,Kaolin/Pectin
00781570192,C09C,Losartan Potassium,Losartan Potassium
00006351903,S01E,Dorzolamide 2% Ophth. Soln.,Dorzolamide 2% Ophth. Soln.
61570017261,C05A,Anusol-HC Suppository,Hydrocortisone Acetate Suppository
55390010110,R03C,Terbutaline Sulfate,Terbutaline Sulfate
00904420260,A11H,Niacin,*NF* Niacinamide
00904227260,A05A,Niacin,*NF* Niacin
00182441801,A05A,*NF* Niacin,Nicotinic Acid SR
00015347530,L01C,Paclitaxel,N/A
00015321530,L01X,Carboplatin,N/A
00228263111,C01D,Isosorbide Mononitrate,Isosorbide Mononitrate
00009076004,J01F,Clindamycin,Clindamycin Suspension
51079006001,C03A,Chlorothiazide,Chlorothiazide
50458032001,N05A,Risperidone,Risperidone
00186011291,C01B,Lidocaine 1% P.f.,Lidocaine 1% P.F.
00032449201,N05A,Lithium Carbonate,Lithium Carbonate SR
60505258600,N05A,Risperidone,Risperidone
60951065616,N04B,Amantadine Syrup,Amantadine Syrup
50458030510,N05A,Risperidone Oral Solution,Risperidone Oral Solution
00245018101,N03A,Divalproex (DELayed Release),Divalproex (DELayed Release)
00245018201,N03A,Divalproex (DELayed Release),Divalproex (DELayed Release)
58177088601,N02A,NEO*PO*Morphine,NEO*PO*Morphine
00781304095,N07A,Pyridostigmine Bromide,Pyridostigmine Bromide
00364290861,J01C,Penicillin G Potassium,N/A
10019087315,V04C,Edrophonium Chloride,Edrophonium Chloride
00173045900,N02C,Sumatriptan Succinate,*NF* Sumatriptan
00409141005,C01C,Isoproterenol,N/A
12136000910,N/A,Epinephrine Inhalation,Epinephrine Inhalation
00168000815,D01A,Tolnaftate 1% Cream,Tolnaftate 1% Cream
00245002322,N/A,Lactic Acid 12% Lotion,Lactic Acid 12% Lotion
00085173302,J01M,Moxifloxacin,*NF* Moxifloxacin
00007336344,N05A,Prochlorperazine Edisylate,Prochlorperazine Edisylate
67546011132,P01A,Nitazoxanide,*NF* Nitazoxanide
00093528201,N04B,Ropinirole,Ropinirole
51079094420,N06A,BuPROPion,BuPROPion
50458030503,N05A,Risperidone,Risperidone Oral Solution
00093015506,N03A,Topiramate (Topamax),Topiramate (Topamax)
00409669501,N01A,Etomidate,Etomidate
00074381901,N02A,Morphine Sulfate,Morphine Sulfate
00074568113,N03A,Valproic Acid,Valproic Acid
00281032608,C05A,Nitroglycerin Ointment  2%,Nitroglycerin Ointment  2%
00245014701,C01B,Amiodarone,Amiodarone
00049053028,J01C,Penicillin G Potassium,N/A
00009307303,H02A,Methylprednisolone ACETATE,Methylprednisolone ACETATE
54868255700,N05A,Lithium Carbonate CR (Eskalith),Lithium Carbonate CR (Eskalith)
63020004901,L01X,Bortezomib,N/A
63323001115,J01B,Chloramphenicol Na Succ,N/A
00173069604,R03B,Fluticasone-Salmeterol Diskus (250/50) ,Fluticasone-Salmeterol Diskus (250/50) 
00032192482,A07E,Mesalamine Enema,Mesalamine Enema
49884072401,L01X,Hydroxyurea,Hydroxyurea
00091353701,A03B,Hyoscyamine SO4 (Time Release),Hyoscyamine SO4 (Time Release)
00536440601,A05B,Pyridoxine HCl,Pyridoxine HCl
00075062161,B01A,Enoxaparin Sodium,Enoxaparin Sodium
00091415060,A11C,NEO*PO*Ergocalciferol,NEO*PO*Ergocalciferol
55289075130,R03D,Theophylline (Slo-bid) Capsule,Theophylline (Slo-bid) Capsule
00049399041,N05A,Ziprasidone,Ziprasidone
00054808425,L04A,Azathioprine,Azathioprine
51079076708,N03A,Divalproex (EXTended Release),Divalproex (EXTended Release)
00075245201,H01B,Desmopressin Nasal,Desmopressin Nasal
66993084225,H02A,Methylprednisolone,MethylPREDNISolone
51079003920,A06A,Docusate Sodium-Casanthranol,Docusate Sodium-Casanthranol
00003010150,J01C,Amoxicillin,Amoxicillin Trihydrate
00781940895,J01C,Ampicillin Sodium,N/A
63323010510,J05A,Acyclovir,N/A
00065064725,S01C,Tobramycin-Dexamethasone Ophth Susp,Tobramycin-Dexamethasone Ophth Susp
00904062960,A05A,Niacin SR,Niacin SR
00172571010,A10B,Glyburide/Metformin (1.25mg-250mg),Glyburide/Metformin (1.25mg-250mg)
67386051151,C01E,NEO*IV*Indomethacin Sodium,N/A
00026286148,A10B,Acarbose,Acarbose
00536479301,A11H,Vitamin E,Vitamin E
68094019361,N03A,Valproic Acid,Valproic Acid
51079028620,N05B,Diazepam,Diazepam
00703904003,J01G,Amikacin,N/A
00078005405,G02A,Methylergonovine Maleate,Methylergonovine Maleate
00905180410,J01X,Metronidazole,N/A
00029152544,D06A,Mupirocin Ointment 2%,Mupirocin Ointment 2%
57706075323,S01E,Acetazolamide,Acetazolamide
54868175201,H03B,Propylthiouracil,Propylthiouracil
59366274201,D10A,Benzoyl Peroxide,*NF* Benzoyl Peroxide 2.5% Gel
00074614309,N/A,Acetic Acid 0.25% Irrig. Soln,Acetic Acid 0.25% Irrig. Soln
55390056090,C01C,DOBUTamine,N/A
55390009110,L01C,VinBLAStine (Velban),N/A
00054368263,N02A,Oxycodone,Oxycodone Liquid
55390060502,M04A,Colchicine,N/A
00025152031,L01X,Celebrex,*NF* Celecoxib
00008039004,J01C,Penicillin V Potassium,Penicillin V Potassium
51672125802,D07A,Clobetasol Propionate 0.05% Cream,Clobetasol Propionate 0.05% Cream
00046110081,G03C,Estrogens Conjugated,Estrogens Conjugated
00093026292,C05A,Fluocinonide 0.05% Cream,Fluocinonide 0.05% Cream
00013258691,L01D,Idarubicin HCl,N/A
50458030611,N05A,Risperidone Long Acting Injection,Risperidone Long Acting Injection
63323042405,V03A,Flumazenil,Flumazenil
00300334601,L02A,Leuprolide Acetate,Leuprolide Acetate
00009766304,L02B,Aromasin,*NF* Exemestane
00078045735,N03A,Oxcarbazepine,Oxcarbazepine
51079009120,M03B,Methocarbamol,Methocarbamol
54569041702,A03A,Dicyclomine,Dicyclomine HCl
00182121301,P01B,Quinine Sulfate,*NF* Quinine Sulfate
00168014630,C05A,Hydrocortisone Oint 2.5%,Hydrocortisone Oint 2.5%
00008005910,J01C,Penicillin V Potassium,Penicillin V Potassium
00088120343,A04A,Dolasetron Mesylate,Dolasetron Mesylate
58016074000,C01B,Mexiletine HCl,Mexiletine HCl
00597002901,M01A,Mobic,*NF* Meloxicam
00015798120,J01C,Oxacillin Desensitization,N/A
13533063603,J06B,Hepatitis B Immune Globulin (Bayhep B),Hepatitis B Immune Globulin (Bayhep B)
54569452500,N/A,Methotrexate Sodium,N/A
61570003310,S03A,cortisporin,Cortisporin Otic Susp
51079000920,A05A,Niacin,Nicotinic Acid
50242013468,L01X,Trastuzumab,N/A
60976059871,L04A,Azathioprine Sodium,N/A
00299382045,D06B,MetronidAZOLE Topical 1 % Gel,MetronidAZOLE Topical 1 % Gel
00054335050,N05A,Haloperidol,Haloperidol Concentrate
00121058104,N05A,Haloperidol,Haloperidol Concentrate
00074454102,V03A,Leucovorin Calcium,N/A
00004691206,V03A,Flumazenil,Flumazenil
00008070101,N06A,Venlafaxine,Venlafaxine
51079055620,A11H,Pyridoxine HCl,Pyridoxine Hcl
00049350079,J02A,Fluconazole,Fluconazole
00009023301,J01X,Bacitracin,Bacitracin
39822010001,N/A,Polymyxin B Sulfate,Polymyxin B Sulfate
62161000538,L01A,Busulfan,N/A
53014083572,C03B,Metolazone,Metolazone
54569466100,N/A,Aveeno Bath,Aveeno Colloidal
00072810015,C05A,Hydrocortisone Val. Cream 0.2%,Hydrocortisone Val. Cream 0.2%
00009037301,L01B,Cytarabine,N/A
50458032006,N05A,Risperidone,Risperidone
54868416700,A03F,Metoclopramide,Metoclopramide
00078035834,C09C,Valsartan,Valsartan
00364737672,S01F,Phenylephrine 2.5 %,Phenylephrine 2.5 %
00002416530,G03X,Raloxifene,*NF* Raloxifene
00409468823,J02A,Fluconazole,N/A
58914050056,A07E,Mesalamine (Rectal),Mesalamine (Rectal)
57844052206,L01B,Mercaptopurine,Mercaptopurine
00046087293,G03C,Estrogens Conjugated,Estrogens Conjugated Vaginal
63323073310,V03A,Mesna,N/A
49643013801,N/A,Candida Skin Test,Candida Albicans
50419035510,L04A,Alemtuzumab,N/A
64116003106,L03A,*NF* Interferon Alfacon-1,*NF* Interferon Alfacon-1
50419051106,L01B,Fludarabine Phosphate,N/A
00044502210,C01B,Propafenone HCl,Propafenone HCl
54868252200,L03A,Filgrastim,N/A
00185075710,J01E,Sulfadiazine,SulfADIAZINE
00085138507,J05A,Ribavirin,Ribavirin
50419010111,C01B,Quinidine Gluconate,Quinidine Gluconate
00185077130,C07A,Bisoprolol Fumarate,*NF* Bisoprolol Fumarate
00585067502,R03B,Cromolyn Sodium,Cromolyn Sodium
00074307331,C01C,Ephedrine Sulfate (Pressors),Ephedrine Sulfate
00944262004,J06B,Gammagard S/D,N/A
00781137113,C07A,Metoprolol,Metoprolol
00409614309,N/A,Acetic Acid 0.25% Irrig. Soln,Acetic Acid 0.25% Irrig. Soln
55390003110,L01B,Methotrexate Sodium,N/A
59762502601,N03A,Gabapentin,Gabapentin
10267146501,B03A,Iron Polysaccharides Complex,Iron Polysaccharides Complex
00003515406,C10A,Pravastatin,Pravastatin
00469520230,D11A,Protopic,*NF* Tacrolimus 0.1% Ointment
63323013011,J01A,Doxycycline Hyclate,N/A
51079006920,B01A,Dipyridamole,Dipyridamole
00703485211,L01B,Fludarabine Phosphate,N/A
00469325010,J02A,*NF* Micafungin,N/A
00007351920,N06B,Dextroamphetamine,Dextroamphetamine
00168000380,D07A,Triamcinolone Acetonide 0.025% Cream,Triamcinolone Acetonide 0.025% Cream
67211010201,L01B,Azacitidine,N/A
67286005308,L01A,Busulfan,N/A
00008451001,L01X,Gemtuzumab Ozogamicin,N/A
58063060050,L01B,Decitabine,N/A
00178061001,A12B,Urocit-K 10,*NF* Potassium Citrate
00078035680,A06A,Zelnorm,*NF* Tegaserod
00904517416,R06A,Diphenhydramine HCl,Diphenhydramine HCl
00395224391,C05A,Peppermint Oil,Peppermint Spirit
00068051030,J04A,Rifampin,Rifampin
00409427701,C01B,Lidocaine 2%,Lidocaine 2%
00781178513,M01A,Diclofenac Sodium,Diclofenac Sodium CR
00006778433,B02B,NEO*SC*Phytonadione,NEO*SC*Phytonadione
00641254745,M03A,Pancuronium Bromide,Pancuronium Bromide
00338101741,J01C,Nafcillin,N/A
00517113001,C01C,Epinephrine 1:1000,Epinephrine 1:1000
39822041206,J01G,Tobramycin Sulfate,N/A
52544093102,N/A,Iron Dextran (Test Dose),N/A
00078018325,H01C,Octreotide Acetate,N/A
00054355663,N07B,Methad,Methadone Oral Liquid
00781144113,N05C,tria,*NF* Triazolam
00054319446,A03B,Diphenoxylate-Atropine,Diphenoxylate HCl/Atrop Sulf
00074190201,C01B,Procainamide HCl,Procainamide HCl
00085057502,C05A,Betamethasone Dipro 0.05% Cream,Betamethasone Dipro 0.05% Cream
54569146000,N/A,Tetanus-Diphtheria Toxoids-Td,Diphtheria Toxoid-Tetanus Tox
00009035201,A10B,Glyburide Prestab,Glyburide Prestab
00074712613,N03A,Divalproex Sodium ER,Divalproex Sodium ER
00781104801,N05A,Perphenazine,Perphenazine
54569170102,N06A,Desipramine HCl,Desipramine HCl
00009752901,L01C,Irinotecan HCl,N/A
10019025012,A03B,Atropine Sulfate,Atropine Sulfate
54868308400,A04A,Dronabinol,Dronabinol
00007550040,P02C,Albendazole,*NF* Albendazole
59730560101,M04A,*NF* Allopurinol Sodium,N/A
00169008181,A10B,Repaglinide,Repaglinide
00072254006,D05A,Calcipotriene 0.005% Oint,Calcipotriene 0.005% Oint
51079082020,N03A,LeVETiracetam,LeVETiracetam
00904600161,N03A,LeVETiracetam,LeVETiracetam
00173045301,R03B,Flonase,*NF* Fluticasone Propionate Nasal
00703003104,H02A,Methylprednisolone Acetate,Methylprednisolone Acetate
63739026110,A02B,Sucralfate,Sucralfate
57866422403,N03A,Phenobarbital,Phenobarbital
00054458111,L01B,Mercaptopurine,Mercaptopurine
50242005121,L01X,~<IND> Rituximab,N/A
00075062431,B01A,Enoxaparin Sodium,Enoxaparin Sodium
60432054760,P03A,Lindane Shampoo,Lindane Shampoo
60432054660,P03A,Lindane Lotion,Lindane Lotion
00006003220,P02C,Ivermectin,*NF* Ivermectin
00023791560,P03A,Permethrin,*NF* Permethrin 5% Cream
10337065010,D02A,CARMOL 40,*NF* Urea 10% Lotion
63459054128,N01A,Fentanyl Citrate,*NF* Fentanyl Citrate
00597018390,N04B,Pramipexole,*NF* Pramipexole
63323001201,H01B,Oxytocin,Oxytocin
59676056201,J05A,Darunavir,Darunavir
00186070210,A07E,*NF* Budesonide,*NF* Budesonide
00003363112,J05A,Atazanavir,Atazanavir
54569122400,S01B,Dexamethasone Sod Phos Ophth,Dexamethasone Sod Phos Ophth
58406005030,L03A,Sargramostim,N/A
00072690505,D10A,*NF* Benzoyl Peroxide 5% Wash,*NF* Benzoyl Peroxide 5% Wash
00364031401,M04A,Probenecid,Probenecid
00641032025,A03B,Atropine Sulfate,Atropine Sulfate
59676020101,N/A,Cladribine,N/A
00026858188,J01M,*nf,*NF* Moxifloxacin
00026858231,J01M,*NF* Moxifloxacin,N/A
00781143913,N05A,Fluphenazine,Fluphenazine Hcl
51672404709,N03A,Carbamazepine,Carbamazepine
00046326510,N/A,Propranolol HCl,Propranolol HCl
00904586761,N06A,Sertraline,Sertraline
00085056605,H02A,Betamethasone Sodium Phos/Acet,Betamethasone Sodium Phos/Acet
58406000201,L03A,Sargramostim,Sargramostim
00031425064,A03C,Phenobarbital-Belladonna Alk,Belladonna Alkaloids Phenobarb
00378911693,C01D,Nitroglycerin Patch,Nitroglycerin Patch
64764030115,A10B,Pioglitazone HCl,Pioglitazone HCl
00173056900,A04A,Zofran,*NF* Ondansetron ODT
00002861501,A10A,Insulin,Insulin Human Ultralente
00074173214,C01B,Propafenone HCl,Propafenone HCl
00575022530,A09A,Sod Citrate-Citric Acid,Citric Acid/Sodium Citrate
00173044602,A04A,Zofran,*NF* Ondansetron HCl
54738091301,N06A,Imipramine,Imipramine
50458029515,J02A,Itraconazole,Itraconazole Solution
00182144464,R01A,Oxymetazoline,Oxymetazoline
00008536002,J01A,Tigecycline,N/A
00009004902,H02A,Methylprednisolone,MethylPREDNISolone
59676032004,B03X,Epoetin Alfa,N/A
00641244045,B01A,Hepa,Heparin
00703841101,C09A,Enalaprilat,Enalaprilat
00074488810,B05X,Neo*Nasal*Sodium Chloride 0.9%,Neo*Nasal*Sodium Chloride 0.9%
51079081420,C07A,Nadolol,Nadolol
10631040701,C05A,Hydrocortisone (Rectal) 2.5% Cream,Hydrocortisone (Rectal) 2.5% Cream
00172566410,N05B,BusPIRone,BusPIRone
00173066100,J05A,Abacavir Sulfate,Abacavir Sulfate
00703352403,H02A,Dexamethasone Sod Phosphate,N/A
50383023310,S01E,Dorzolamide 2%/Timolol 0.5% Ophth.,Dorzolamide 2%/Timolol 0.5% Ophth.
00173067502,P01B,Malarone,*NF* Atovaquone-Proguanil
00501410507,C05A,Hydrocortisone Acetate Ointment 1%,Hydrocortisone Acetate Ointment 1%
00054412125,A07X,Calcium Gluconate,Calcium Gluconate
00904504260,N/A,Multivitamins W/minerals,Multivitamins W/minerals
00069266041,C08C,Procardia XL,*NF* Nifedipine XL
00006027528,R03D,Montelukast Sodium,Montelukast
50383023210,S01E,Dorzolamide 2% Ophth. Soln.,Dorzolamide 2% Ophth. Soln.
54092041808,A06A,PER,Casanthranol/Docusate Sodium
00713013512,N05A,Prochlorperazine,Prochlorperazine (Rectal)
00071108813,N/A,Anusol Suppository,Anusol Suppository
54396011111,A14A,Oxandrolone,*NF* Oxandrolone
00028010561,R03C,Terbutaline Sulfate,Terbutaline Sulfate
00258361301,C01D,Isosorbide Dinitrate SA,Isosorbide Dinitrate SA
10019003372,N01A,Fentanyl Citrate,Fentanyl Citrate
00074427701,C01B,Lidocaine 2%,Lidocaine 2%
57480042401,N06A,Amitriptyline HCl,Amitriptyline HCl
00904582460,A11C,Vitamin D,Vitamin D
00049052083,J01C,Penicillin G Potassium,N/A
00007506111,N/A,Chlorpromazine HCl,N/A
60793010501,H03B,Methimazole,Methimazole
00008121801,A06A,Methylnaltrexone,Methylnaltrexone
59148000216,B01A,Pletal,*NF* Cilostazol
00024279150,N/A,Ferric Gluconate,N/A
60505265400,N06A,traZODONE,traZODONE
23360015250,J01X,Vancomycin,N/A
00182101701,B03B,Cyanocobalamin,Cyanocobalamin
51079037520,N05B,Chlordiazepoxide HCl,Chlordiazepoxide HCl
00409357701,J01G,Tobramycin Sulfate,N/A
00083001630,N06B,Methylphenidate SR,Methylphenidate SR
00025273234,C01B,Disopyramide CR,Disopyramide CR
61147800903,A03A,Papaverine HCl,N/A
00409405001,J01F,Clindamycin,N/A
00187093801,N04B,Tasmar,*NF* Tolcapone
00074621213,N03A,Divalproex Sodium,Divalproex Sodium
00004012549,C03C,Bumetanide,Bumetanide
00009361703,J01D,Cefpodoxime Proxetil,Cefpodoxime Proxetil
00009307301,H02A,Methylprednisolone Acetate,Methylprednisolone Acetate
00015740320,J01C,Ampicillin Sodium,N/A
00186151503,C05A,Lidocaine-Prilocaine,Emla Cream
00005460923,H03B,Propylthiouracil,Propylthiouracil
00517013410,N/A,Iron Dextran Complex,N/A
00677168201,J01X,Methenamine Mandelate,Methenamine Mandelate
51645090501,A11D,Thiamine,Thiamine
00069265041,C08C,*NF* Nifedipine XL,*NF* Nifedipine XL
00026063203,N/A,Hepatitis B Immune Globulin (Bayhep B),Hepatitis B Immune Globulin (Bayhep B)
00046047399,C07A,Propranolol LA,Propranolol LA
49999004830,M03B,Methocarbamol,Methocarbamol
00093117201,J01C,Penicillin V Potassium,Penicillin V Potassium
00078037606,C09C,Valsartan,Valsartan
00781345196,J01D,CefazoLIN,N/A
00007447120,N06A,Tranylcypromine Sulfate,Tranylcypromine Sulfate
00074909461,N01A,Fentanyl PCA,N/A
00074382611,N03A,Divalproex Sodium ER,Divalproex Sodium ER
67767015101,C08C,NIFEdipine CR,NIFEdipine CR
51079098120,C09A,Lisinopril,Lisinopril
00004024648,J05A,Saquinavir (Fortovase),Saquinavir (Fortovase)
00004024515,J05A,Saquinavir (Invirase) Cap,Saquinavir (Invirase) Cap
54569325100,A03C,Donnatol,Donnatol
00083002730,N03A,Carbamazepine,*NF* Carbamazepine (Tegretol Brand)
63304020518,N05C,NEO*PO*Midazolam,NEO*PO*Midazolam
00054353244,N05B,NEO*PO*Lorazepam Oral Concentrate,NEO*PO*Lorazepam Oral Concentrate
00054819316,C01A,Digoxin,Digoxin (Elixir)
63323038910,J01C,Ampicillin Sodium,N/A
00002850101,A10A,Insulin Regular Human (U-500),N/A
00168008930,D07C,Nystatin-Triamcinolone Ointment,Nystatin-Triamcinolone Ointment
00173038701,J01D,Cefuroxime,*NF* Cefuroxime Axetil
00186091542,N/A,Pulmicort,*NF* Budesonide
00009770901,R03B,Nasonex,Cromolyn Sodium
00904553661,M01A,Naproxen,Naproxen
51079069120,J04A,Pyrazinamide,Pyrazinamide
00173037835,J01D,Ceftazidime,N/A
00068059701,J04A,Rifampin,N/A
00071052740,C09A,Quinapril,Quinapril
00009006406,G03D,Medroxyprogesterone Acetate,MedroxyPROGESTERone Acetate
00168027338,S03A,Bacitracin/Polymyxin B Sulfate Opht. Oint,Bacitracin/Polymyxin B Sulfate Opht. Oint
00003224011,J01D,Aztreonam,N/A
51479004215,J01D,Aztreonam,N/A
24208075006,S01F,Atropine Sulfate Ophth 1%,Atropine Sulfate Ophth 1%
62037087201,A10B,Glipizide XL,Glipizide XL
00998035415,S01F,Tropicamide 1 %,Tropicamide 0.5%
51079060220,J01C,Ampicillin,Ampicillin
00074325503,J01G,Tobramycin,*NF* Tobramycin Soln
68084024711,D11A,Finasteride,Finasteride
00004026249,C03C,Torsemide,Torsemide
62584074601,B03B,Ibuprofen,Ibuprofen
00169750111,A10A,Insulin Aspart *NF* (for Insulin PUMP),Insulin Aspart *NF* (for Insulin PUMP)
65473069701,N07A,Bethanechol,Bethanechol
00074321302,N05B,Diazepam,Diazepam
60505258700,N05A,Risperidone,Risperidone
00078044205,N06B,Methylphenidate SR,Methylphenidate SR
52544047030,G03B,Testosterone 5mg Patch,Testosterone 5mg Patch
55326020025,G01A,Metronidazole Gel 0.75%-vaginal,Metronidazole Gel 0.75%-vaginal
00074509216,J01D,Ceftazidime,N/A
23317033128,C05A,Hydrocortisone Oint 1%,Hydrocortisone Oint 1%
10019048202,M03A,Vecuronium Bromide,Vecuronium Bromide
00052010630,N06A,Mirtazapine,Mirtazapine Soluble
51079029072,N/A,Trimethobenzamide HCl,Trimethobenzamide (Rectal)
61570018601,R06A,Trimethobenzamide HCl,Trimethobenzamide HCl
00074949202,J05A,Ritonavir,Ritonavir
00338022104,A12B,PlasmaLyte,N/A
00002144401,J01X,Vancomycin Enema,Vancomycin Enema
00034051625,N02A,Morphine Sulfate SR,Morphine Sulfate SR
61314063305,S01A,Gentamicin Sulf. Ophth. Soln,Gentamicin Sulf. Ophth. Soln
51479004801,J01D,Aztreonam,N/A
60505250201,L04A,Leflunomide,*NF* Leflunomide
00093312701,C01B,Disopyramide Phosphate,Disopyramide Phosphate
54868381600,C01B,Disopyramide Phosphate,Disopyramide Phosphate
00364064901,J01E,Trimethoprim,Trimethoprim
00069311019,J01F,Neo*PO*Azithromycin,Neo*PO*Azithromycin
55390088110,H03A,NEO*IV*Levothyroxine,N/A
00496074804,C05A,Pramoxine,*NF* Pramoxine 1% Lotion
00054816303,N/A,Cocaine HCl,Cocaine HCl
60267060066,V03A,Physostigmine Salicylate,Physostigmine Salicylate
63739024610,N06A,traZODONE,traZODONE
12547015012,C05A,Hydrocortisone Acetate Ointment 1%,Hydrocortisone Acetate Ointment 1%
00024030506,G03X,Danazol,Danazol
00064501015,D03B,Collagenase Ointment,Collagenase Ointment
00078033806,N03A,Oxcarbazepine,Oxcarbazepine
66685100101,J01C,Amoxicillin-Clavulanic Acid,Amoxicillin-Clavulanic Acid
00998020415,S01E,Pilocarpine 2%,Pilocarpine 2%
61553020648,N/A,HYDROmorphone (Dilaudid),HYDROmorphone
00049345019,J02A,Fluconazole,Fluconazole Suspension
54569430700,S01E,Dipivefrin HCl 0.1% ,Dipivefrin HCl 0.1% 
60505258400,N05A,Risperidone,Risperidone
00015050541,N/A,Cyclophosphamide,N/A
10157992002,D08A,Blistex Lip Ointment,Blistex Lip Ointment
00169008481,A10B,Repaglinide,Repaglinide
00186023503,C01B,Lidocaine 4%,Lidocaine 4%
54868459500,N/A,Tricor,*NF* Fenofibrate
54868479600,L01B,Methotrexate Sodium,N/A
00517265025,A12C,Magnesium Sulfate,N/A
54868348000,J01C,Penicillin G K Desensitization,N/A
13310015307,P01B,Quinine Sulfate,Quinine Sulfate
59572020594,L04A,Thalidomide,Thalidomide
00781178501,M01A,Diclofenac Sodium DR,Diclofenac Sodium DR
68084018301,N03A,Zonisamide,Zonisamide
00591359360,A04A,Dronabinol,Dronabinol
54092038701,N06B,Adderall XR,*NF* ADDerall XR
39822020501,A09A,Pancrelipase 5000,Pancrelipase 5000
00013700112,G02C,Cabergoline,*NF* Cabergoline
00032420511,N06A,Fluvoxamine Maleate,Fluvoxamine Maleate
00054002025,N05A,Lithium Carbonate,Lithium Carbonate CR (Eskalith)
49884060036,D06B,Silver Sulfadiazine 1% Cream,Silver Sulfadiazine 1% Cream
49938010201,J04B,Dapsone,Dapsone
00087667217,J05A,Didanosine EC,Didanosine EC
59011041020,N02A,Oxycodone SR (OxyconTIN),Oxycodone SR (OxyconTIN)
00089030710,C01B,Flecainide Acetate,Flecainide Acetate
00009338102,J01F,Clindamycin,N/A
66993004730,N05A,OLANZapine,OLANZapine
00075020062,R03D,Theophylline (Slo-bid) Capsule,Theophylline (Slo-bid) Capsule
58406068316,L01B,Methotrexate Sodium,N/A
00037024130,R01A,Astelin,*NF* Azelastine 137 mcg Nasal Spray
00072571208,N/A,Lactic Acid 12% Lotion,Lactic Acid 12% Lotion
00527155201,N02B,Aspirin-Caffeine-Butalbital,Aspirin-Caffeine-Butalbital
60793001114,R03B,Cromolyn Sodium,Cromolyn Sodium (Oral Inhalation)
00024107501,V04C,Sodium Polystyrene Sulfonate,Sodium Polystyrene Sulfonate
00310060060,L02B,Tamoxifen Citrate,Tamoxifen Citrate
63653133202,B01A,Clopidogrel,Clopidogrel
00472037015,C05A,Betamethasone Valerate 0.1% Cream,Betamethasone Valerate 0.1% Cream
00258368990,C08D,Diltiazem Extended-Release,Diltiazem Extended-Release
55390056630,N/A,Diltiazem,N/A
61314022605,S01E,Timolol Maleate 0.25%,Timolol Maleate 0.25%
63323065102,C01E,Adenosine,Adenosine
00603545921,N02A,Propoxyphene HCl,Propoxyphene HCl
00168005960,C05A,Fluocinolone Acetonide 0.01% Solution,Fluocinolone Acetonide 0.01% Solution
00496071604,D07X,Pramosone,*NF* Pramoxine-Hydrocort 1%-1%  Cream
00054002821,B01A,PleTAL,*NF* Cilostazol
00045034360,A09A,Pancrease MT 16,Pancrease Mt 16
00065066505,S01E,Apraclonidine 0.5%,Apraclonidine 0.5%
00075062281,B01A,Enoxaparin Sodium,Enoxaparin Sodium
39822070602,J01G,Streptomycin Sulfate,Streptomycin Sulfate
63323026530,H02A,MethylPREDNISolone Sodium Succ,N/A
00641245045,B01A,Heparin CRRT,Heparin
00008103007,L04A,Sirolimus,Sirolimus
00008103003,L04A,Sirolimus,Sirolimus
63323065820,N/A,Chlorothiazide Sodium,N/A
00173080725,L01B,Mercaptopurine,Mercaptopurine
63304099501,N07A,Bethanechol,Bethanechol
51079097020,A05A,Ursodiol,Ursodiol
00085052503,L02B,Flutamide,Flutamide
00536252525,M02A,Capsaicin 0.025%,Capsaicin 0.025%
00185021001,H03B,Methimazole,Methimazole
00074230401,C01C,*NF* Fenoldopam Mesylate,N/A
61703030916,L01C,Vincristine Sulfate,N/A
00048114013,H03A,Levothyroxine Sodium,Levothyroxine Sodium
00087003244,N06A,Nefazodone HCl,Nefazodone HCl
00054317763,H02A,Dexamethasone,Dexamethasone
00067033322,A02A,Alum-Mag Hydroxide-Simethicone,Alum-Mag Hydroxide-Simethicone
00032170801,G03D,Progesterone,*NF* Progesterone Micronized
00904563461,A10B,MetFORMIN (Glucophage),MetFORMIN (Glucophage)
10019004603,A02B,Famotidine (IV),N/A
00409427602,C01B,Lidocaine 1%,Lidocaine 1%
17478071012,S01E,Carteolol 1% Ophth Soln,Carteolol 1% Ophth Soln
00258369090,C08D,Diltiazem Extended-Release,Diltiazem Extended-Release
00472153304,N/A,Selenium Sulfide,Selenium Sulfide
51991040516,A07X,NEO*PO*Ca Glubionate 23mg Ca/ml,NEO*PO*Ca Glubionate 23mg Ca/ml
00008412601,C01D,Isosorbide Dinitrate,Isosorbide Dinitrate SL
00003059320,D01A,Nystatin Powder,Nystatin Powder
00087003231,N06A,Nefazodone HCl,Nefazodone HCl
00378252093,J02A,Fluconazole,Fluconazole (Self Med)
00143147501,H02A,PredniSONE,PredniSONE (Self Med)
68387029330,A02B,Pantoprazole,Pantoprazole (Self Med)
00008412501,C01D,Isosorbide Dinitrate SA,Isosorbide Dinitrate SA
66435010142,J05A,Ribavirin,Ribavirin
66435020115,L03A,Interferon Alfacon-1,Interferon Alfacon-1
24208027715,S01X,Muro 128,Muro 128
17478071310,S01A,ofloxacin,*NF* Ofloxacin 0.3% Ophth Soln
51079087220,A10B,GlyBURIDE,GlyBURIDE
00338071134,V06D,Dextrose 20% in Water (D20W),N/A
00064501030,D03B,Collagenase Ointment,Collagenase Ointment
51079063220,C02C,Prazosin HCl,Prazosin HCl
52604341701,H03A,Liothyronine Sodium,Liothyronine Sodium
28105014904,C05A,Derma-Smoothe/FS Scalp Oil,*NF* Fluocinolone Acetonide 0.01% Oil
00904627961,N05A,Quetiapine Fumarate,Quetiapine Fumarate
68084008901,N05B,Lorazepam,Lorazepam
00904628061,N05A,Quetiapine Fumarate,Quetiapine Fumarate
00069551066,R06A,Cetirizine-Pseudoephedrine,*NF* Cetirizine
00064212008,D02A,nutra,*NF* Urea 10% Lotion
63323038120,J01C,Piperacillin,N/A
00006489400,N/A,Pneumococcal Vac Polyvalent,Pneumococcal 23-Val P-Sac Vac
00339565712,C01D,Isosorbide Dinitrate,Isosorbide Dinitrate SL
00998033105,S01F,Scopolamine 0.25% Ophth Soln,Scopolamine 0.25% Ophth Soln
51672402201,S01E,Acetazolamide,Acetazolamide
00074606202,N02A,Morphine Sulfate,N/A
00054317644,H02A,Dexamethasone,Dexamethasone Intensol
59572010512,L04A,Thalidomide,*NF* Thalidomide
00430302015,D05A,Calcipotriene 0.005% Cream,Calcipotriene 0.005% Cream
00083260901,N/A,Pamidronate,N/A
53489040001,A07A,Nystatin,Nystatin
55390016210,H01C,Octreotide Acetate,N/A
00074146301,N02A,Nalbuphine HCl,Nalbuphine HCl
00074245107,N02A,Hydromorphone,Hydromorphone (Rectal)
00536016097,A11G,Ascorbic Acid (Liquid),Ascorbic Acid (Liquid)
00008499020,J01A,Tigecycline,N/A
00029607531,J01C,Amoxicillin-Clavulanic Acid,Amoxicillin-Clavulanic Acid
00062401002,J01D,Doripenem *NF*,N/A
54569527900,N/A,Ascorbic Acid,Ascorbic Acid
61703024350,N02A,HYDROmorphone-HP,N/A
39822061501,J01X,Colistin,N/A
00677117401,M01A,Sulindac,Sulindac
57665033101,L01B,Cytarabine Liposome,N/A
61703022543,N02A,Morphine Sulfate,N/A
60793001108,R03B,Cromolyn Sodium,Cromolyn Sodium (Oral Inhalation)
67253020110,J01C,Penicillin V Potassium,Penicillin V Potassium
54868397600,N06B,Adderall,*NF* Adderall
00003161212,J05A,Entecavir,Entecavir
00075062301,B01A,Enoxaparin Sodium,Enoxaparin Sodium
00075291202,B01A,Enoxaparin Sodium,Enoxaparin Sodium
00078043815,L01E,Gleevec,*NF* Imatinib Mesylate
00025172003,C03D,Eplerenone,Eplerenone
00006057362,J05A,Indinavir Sulfate,Indinavir Sulfate
00085045804,R06A,Claritin,*NF* Loratidine
00597006861,C01B,Mexiletine HCl,Mexiletine HCl
00083005232,N03A,Carbamazepine,Carbamazepine Chewable Tabs
24208058060,S01A,Gentamicin Sulf. Ophth. Soln,Gentamicin Sulf. Ophth. Soln
59075059415,M03B,Tizanidine HCl,Tizanidine HCl
00023031304,S03A,Sulfacetamide-Prednisolone Ophth. Oint.,Sulfacetamide-Prednisolone Ophth. Oint.
11980001105,S01A,Sulfacetamide 10% Ophth Soln.,Sulfacetamide 10% Ophth Soln.
68968449201,N05A,Lithium Carbonate SR,Lithium Carbonate SR
00597019061,N04B,pramipexole,*NF* Pramipexole
00004080285,J05A,Oseltamivir,Oseltamivir
51079074320,M01A,Piroxicam,Piroxicam
00168005546,C05A,Betamethasone Dipro 0.05% Cream,Betamethasone Dipro 0.05% Cream
00149047201,M05B,Actonel,*NF* Risedronate Sodium
00149000977,J01X,Nitrofurantoin,Nitrofurantoin
51079009220,M03B,Methocarbamol,Methocarbamol
00078001633,N06A,Nortriptyline,Nortriptyline
00173011318,J05A,NEO*PO*Zidovudine Syrup,NEO*PO*Zidovudine Syrup
61748001211,J04A,Pyrazinamide,Pyrazinamide
00046047081,C07A,Propranolol LA,Propranolol LA
62175017737,C09A,Moexipril,Moexipril
00456045963,H03A,Thyroid,Thyroid
00456046163,H03A,Thyroid,Thyroid
25382012634,N/A,Dermagran Ointment,Aluminum Hydroxide
00364115001,N/A,Fish Oil (Omega 3),Fish Oil (Omega 3)
00074205105,N01A,Ketamine HCl,Ketamine HCl
00904775960,R05C,Guaifenesin,*NF* Guaifenesin LA
00078035105,A10B,Nateglinide,Nateglinide
61570041601,H01B,Oxytocin,N/A
68084028401,L01X,Hydroxyurea,Hydroxyurea
58016069000,J05A,Zidovudine,Zidovudine
00378447201,L04A,Mycophenolate Mofetil,Mycophenolate Mofetil (Self Med)
00781210201,L04A,Tacrolimus,Tacrolimus (Self Med)
00364073990,C01B,Disopyramide Phosphate,Disopyramide Phosphate
00025274234,C01B,Disopyramide CR,Disopyramide CR
00004003909,J05A,ValGANCIclovir,ValGANCIclovir Oral Solution
61570054002,R06A,Trimethobenzamide HCl,Trimethobenzamide HCl
00005534323,J01A,Minocycline HCl,Minocycline HCl
00002704001,J01G,Tobramycin Sulfate,N/A
00071027024,N06A,Phenelzine Sulfate,Phenelzine Sulfate
00054329450,C03C,Furosemide,Furosemide (Elixir)
00781144213,N05C,*NF* Triazolam,*NF* Triazolam
00093519401,J01C,Penicillin V Potassium,Penicillin V Potassium
00008413901,C01D,Isosorbide Dinitrate,Isosorbide Dinitrate SL
00456333001,N07B,Acamprosate,Acamprosate
64894082550,H05B,Doxercalciferol,Doxercalciferol
61570041451,J01X,Colistimethate Sodium,N/A
68850001001,J04A,Ethambutol HCl,Ethambutol HCl
00299382060,D06B,MetronidAZOLE Topical 1 % Gel,MetronidAZOLE Topical 1 % Gel
59730420201,J06B,Hepatitis B Immune Globulin (Nabi-HB),N/A
64894080550,H05B,Doxercalciferol,Doxercalciferol
00206886002,J01C,Piperacillin-Tazobactam,N/A
00003097252,J01C,Ampicillin,Ampicillin Oral Suspension
00603385621,C03A,Hydrochlorothiazide,Hydrochlorothiazide
00555076202,N06B,Adderall,*NF* ADDerall
11980077905,S01A,Ofloxacin (Ophth),*NF* Ofloxacin 0.3% Ophth Soln
00065401303,S01A,Moxifloxacin,*NF* Moxifloxacin 0.5% Ophth
53489055201,C01B,Propafenone HCl,Propafenone HCl
51079043820,N06A,Doxepin HCl,Doxepin HCl
00173066400,J05A,Abacavir,Abacavir Oral Solution
00074340001,J01G,Gentamicin Sulfate,N/A
00009316906,G04B,Alprostadil,N/A
12539011501,N/A,Donnatol,Donnatol (Elixir)
00006027731,A10B,Januvia,*NF* Sitagliptin
00078036815,J05A,Famvir,*NF* Famciclovir
00006482700,J07B,Varicella Virus Vaccine,Varicella Virus Vaccine
00065024610,S01E,Betaxolol Ophth Susp  0.25%,Betaxolol Ophth Susp  0.25%
52604341601,H03A,Liothyronine Sodium,Liothyronine Sodium
00004592001,N04B,Tasmar,*NF* Tolcapone
00409420101,B05B,Potassium Phosphate,N/A
00904385561,N03A,Carbamazepine,Carbamazepine
68094021462,N03A,Carbamazepine,Carbamazepine Suspension
00149000705,J01X,Nitrofurantoin,Nitrofurantoin
00186012201,N01B,Lidocaine 2%/Epinephrine,Lidocaine 2%/Epinephrine P.F.
63323064907,H03A,Levothyroxine Sodium,Levothyroxine
59911587001,J01A,Minocycline HCl,Minocycline HCl
54868021500,G03X,Danazol,Danazol
63323011710,L01B,Fluorouracil,N/A
00436093616,D08A,Dakins 1/2 Strength,Dakins 1/2 Strength
63459020001,N06B,Provigil,*NF* Modafinil
00023031207,S01X,Lacri-Lube Oint,Lacri-Lube Oint. Preserv. Free
00173010793,J05A,Zidovudine,N/A
00075062041,B01A,Enoxaparin Sodium,Enoxaparin Sodium
00031782463,A03A,Glycopyrrolate,*NF* Glycopyrrolate
00781143613,N05A,Fluphenazine,Fluphenazine HCl
00205530594,J01A,Minocycline HCl,N/A
00575620030,V03A,*NF* Diazoxide Suspension,*NF* Diazoxide Suspension
51660078701,N03A,Phenobarbital,Phenobarbital
00338107302,C01C,DOBUTamine,N/A
00472173803,G01A,Miconazole Nitrate Vaginal,Miconazole Nitrate (Dual-pak)
63004773101,H01A,Acthar H.P.,Corticotropin Gel
00378012901,N02A,Propoxyphene HCl,Propoxyphene HCl
00338051802,N/A,Fat Emulsion 10%,N/A
51479004901,J01D,Aztreonam,N/A
00078034184,H01C,Octreotide Acetate,*NF* Octreotide LAR Depot
00007323001,B01A,Fondaparinux Sodium,Fondaparinux Sodium
00456321063,N06D,Namenda,*NF* Memantine
51079028020,C07A,Propranolol HCl,Propranolol HCl
00173073001,N06A,Wellbutrin XL,*NF* BuPROPion XL
00078035580,A06A,Zelnorm,*NF* Tegaserod
00029320613,N06A,Paroxetine HCl,*NF* Paroxetine CR
00054873725,A03A,Propantheline Bromide,Propantheline Bromide
49502050001,C01C,Epinephrine 1:1000,EPINEPHrine Auto Injector
00093022290,N02C,Sumatriptan Succinate,Sumatriptan Succinate
00093022390,N02C,Sumatriptan Succinate,Sumatriptan Succinate
57844091401,N05A,Mobic,Molindone HCl
44087152001,L01D,Mitoxantrone HCl,N/A
00597007541,R03B,Tiotropium Bromide,Tiotropium Bromide
49702020218,J05A,LaMIVudine-Zidovudine (Combivir),LaMIVudine-Zidovudine (Combivir)
00173046002,N02C,Sumatriptan Succinate,*NF* Sumatriptan
00781143901,N05A,Fluphenazine,Fluphenazine HCl
00046086699,G03C,Estrogens Conjugated,Estrogens Conjugated
59676056101,J05A,Darunavir,Darunavir
61958030101,L01D,DAUNOrubicin Citrate Liposomal,N/A
63323010351,L01X,CISplatin,N/A
00172433110,A10B,MetFORMIN (Glucophage),MetFORMIN (Glucophage)
00781317414,N02C,Sumatriptan Succinate,Sumatriptan Succinate
00364049690,N05B,Hydroxyzine HCl,Hydroxyzine HCl
00009007301,H02A,Methylprednisolone,Methylprednisolone
00187301030,N07A,Pyridostigmine Bromide,Pyridostigmine Bromide
59630045016,J01X,Nitrofurantoin Suspension,Nitrofurantoin Suspension
00071170316,N/A,Tucks Pads,Tucks Pads
00009347501,H02A,Methylprednisolone Acetate,Methylprednisolone Acetate
58468010002,L01B,Clofarabine,N/A
66685100202,J01C,Amoxicillin-Clavulanic Acid,Amoxicillin-Clavulanic Acid
51672125902,D07A,Clobetasol Propionate 0.05% Ointment,Clobetasol Propionate 0.05% Ointment
57664017508,A07A,Paromomycin Sulfate,*NF* Paromomycin Sulfate
00378087399,C02A,Clonidine Patch 0.3 mg/24 hr,Clonidine Patch 0.3 mg/24 hr
11980004815,S01H,Proparacaine HCl 0.5% Opth.,Proparacaine HCl 0.5% Opth.
00054009720,N03A,Oxcarbazepine,Oxcarbazepine
00054877605,N02A,Morphine Sulfate,Morphine Sulfate (Rectal)
68094019359,N03A,Valproic Acid,Valproic Acid
17314930001,G04B,Elmiron,*NF* Pentosan Polysulfate Sodium
00372000604,R05C,Guaifenesin,Guaifenesin (Sugar Free)
00087667417,J05A,Didanosine EC,Didanosine EC
51079000320,A11G,Ascorbic Acid,Ascorbic Acid
00998030315,S01F,Atropine Sulfate Ophth 1%,Atropine Sulfate Ophth 1%
00071035024,N06A,Phenelzine Sulfate,Phenelzine Sulfate
61570004710,B05C,Neomycin/Polymyxin B Sulfate,N/A
58768010002,S01B,Voltaren,*NF* Diclofenac 0.1% Ophth
00131247735,N03A,lacosamide,Lacosamide
00131248035,N03A,lacosamide,Lacosamide
51079096020,N05B,BusPIRone,BusPIRone
00008030302,N05C,Pentobarbital Sodium,Pentobarbital Sodium
51079079420,M01A,Naproxen,Naproxen
51672127406,C05A,Betamethasone Dipro 0.05% Cream,Betamethasone Dipro 0.05% Cream
00069419068,G04B,Sildenafil,Sildenafil
48433023015,R05C,Iodine Strong (Lugols),Lugols Solution
61703022680,N02A,Morphine Sulfate,N/A
00409120301,N02A,Meperidine PF,N/A
00054422125,M01A,Voltaren-XR,Diclofenac Sodium
00338102141,J01C,Penicillin G Potassium,N/A
00121064610,N04B,Amantadine Syrup,Amantadine Syrup
00310020137,L02B,Arimidex,*NF* Anastrozole
00115351101,N07A,Pyridostigmine Bromide,Pyridostigmine Bromide
00364049490,N05B,Hydroxyzine HCl,Hydroxyzine HCl
00034549006,N/A,Triethanolamine Solution,Triethanolamine Solution
00088177749,C08D,DILT,*NF* Diltiazem SR
00075800180,L01C,DOCEtaxel (TaxoTERE),N/A
00703443411,L01C,Irinotecan,N/A
00009513601,J01X,Linezolid,Linezolid Suspension
66758004401,L01B,Fluorouracil,N/A
00024059120,L01X,Oxaliplatin,N/A
16563009802,N/A,Glutamine,Glutamine
58406062307,V03A,Leucovorin Calcium,N/A
00781893285,C01C,NORepinephrine,N/A
00009338101,J01F,Clindamycin,N/A
00781317796,J01D,CefTAZidime,N/A
63323037701,H01C,Octreotide Acetate,N/A
61553018352,N02A,Morphine Sulfate,N/A
58160082611,J07B,Hepatitis A Vaccine,Hepatitis A Vaccine
66689032350,N03A,Carbamazepine Suspension,Carbamazepine Suspension
68084008601,C03A,Hydrochlorothiazide,Hydrochlorothiazide
55390004210,C01C,Inamrinone Lactate,N/A
00781164413,N05A,Thioridazine HCl,Thioridazine HCl
00168007938,S01A,Sulfacetamide 10% Ophth. Oint.,Sulfacetamide 10% Ophth. Oint.
00185019301,N03A,Zonisamide,Zonisamide
62856068010,N03A,Zonisamide,*NF* Zonisamide (Brand Name)
00781197501,N06A,Desipramine HCl,Desipramine HCl
63459040401,N03A,Tiagabine HCl,Tiagabine HCl
64980013101,A03A,Glycopyrrolate,*NF* Glycopyrrolate
00068027761,J01X,Methenamine Hippurate,Methenamine Hippurate
00182264789,A10B,GlyBURIDE,GlyBURIDE
54868479700,S01A,Gatifloxacin,*NF* Gatifloxacin 0.3% Ophth. Soln
24486060110,A03B,Hyoscyamine,Hyoscyamine
10019003473,N01A,Fentanyl Citrate,N/A
00131181067,N03A,Lacosamide,N/A
45802075930,R06A,Promethazine,Promethazine
64125012101,P01B,Quinine Sulfate,Quinine Sulfate
00781149731,J01F,Azithromycin,Azithromycin
00093894393,J05A,Acyclovir,Acyclovir
00168001631,C05A,Hydrocortisone Oint 0.5%,Hydrocortisone Oint 0.5%
54643582000,N07A,Pyridostigmine Bromide,Pyridostigmine Bromide
00187301220,N07A,Pyridostigmine Bromide,Pyridostigmine Bromide Syrup
00469087130,C01E,Adenosine,Adenosine
00009521301,N/A,Kaopectate (bismuth subsalicy),*Nf* Bismuth Subsalicylate
00006354114,A02B,Famotidine,N/A
00078049471,J01G,Tobramycin Inhalation Soln,Tobramycin Inhalation Soln
00409672903,A12C,Magnesium Sulfate,N/A
00054873325,C01B,Quinidine Sulfate,Quinidine Sulfate
10139090510,N/A,Cosyntropin,Cosyntropin
00007489120,N04B,Ropinirole HCl,Ropinirole HCl
00904598061,N05B,Lorazepam,Lorazepam
57480030001,N04B,Amantadine,Amantadine
61748004416,B02A,Aminocaproic Acid ,Aminocaproic Acid 25% Oral Rinse
00087667117,J05A,Didanosine EC,Didanosine EC
59075063010,N04B,Pergolide Mesylate,Pergolide Mesylate
63323073410,M05B,Pamidronate,N/A
00409115902,N01B,Bupivacaine 0.25%,Bupivacaine 0.25%
59075061530,N04B,Pergolide Mesylate,Pergolide Mesylate
59075062510,N04B,Pergolide Mesylate,Pergolide Mesylate
68774060001,R03C,Albuterol Sulfate (Extended Release),Albuterol Sulfate (Extended Release)
10019007001,C01C,Milrinone,Milrinone Lactate
00074405101,J01F,Clindamycin Phosphate,N/A
55390041010,V04C,NEO*PO*Folic Acid,NEO*PO*Folic Acid
54569102500,J01D,NEO*PO*Cephalexin Suspension,NEO*PO*Cephalexin Suspension
10135011930,A05B,Pyridoxine HCl,Pyridoxine HCl
00517083001,S01E,Latanoprost 0.005% Ophth. Soln.,Latanoprost 0.005% Ophth. Soln.
00006461200,L01X,Asparaginase,N/A
48102000811,S01A,Erythromycin 0.5% Ophth Oint,Erythromycin 0.5% Ophth Oint
55390010810,L01D,DAUNOrubicin,N/A
00781197101,N06A,Desipramine HCl,Desipramine HCl
00430016724,J01X,Methenamine Mandelate,Methenamine Mandelate
00185094098,C10A,Cholestyramine,Cholestyramine
00603478221,C01D,Nitroglycerin SR,Nitroglycerin SR
54092017212,N03A,Carbatrol,*NF* Carbamazepine ER
00781200001,A03A,Papaverine HCl,Papaverine HCl
68084044701,C02D,HydrALAzine,HydrALAzine
00083006130,N03A,Carbamazepine XR,Carbamazepine XR
00597004660,J05A,Nevirapine,Nevirapine
00409318201,N01B,Lidocaine 2%/Epinephrine,Lidocaine 2%/Epinephrine
00078031706,N06A,Clomipramine HCl,Clomipramine HCl
00054870825,N03A,Phenobarbital,Phenobarbital
51079009420,N/A,Phenobarbital,Phenobarbital
00168007115,D06A,Gentamicin Sulfate,Gentamicin Sulfate
54569191701,J01C,NEO*IM*Penicillin G Benzathine,NEO*IM*Penicillin G Benzathine
00998063006,S01C,Neomycin/Polymyxin/Dexameth Ophth Susp.,Neomycin/Polymyxin/Dexameth Ophth Susp.
59630020010,A03A,Glycopyrrolate,*NF* Glycopyrrolate
55390040320,N01B,Chloroprocaine 2% MPF,Chloroprocaine 2% MPF
51079072420,N05C,Zolpidem Tartrate,Zolpidem Tartrate
54092018981,A07E,Mesalamine,Mesalamine
00085073604,R03B,Beclomethasone Dipro. (Oral),Beclomethasone Dipro. (Oral)
00005927029,J01A,Demeclocycline,*NF* Demeclocycline
00430002324,G03C,Estradiol,Estradiol
51079057201,N05A,Trifluoperazine HCl,Trifluoperazine HCl
00093519974,J01C,Penicillin V Potassium,Penicillin V Potassium
10223020101,C05A,Cetacaine,*NF* Cetacaine
51079097520,C10A,Lovastatin,*NF* Lovastatin
54868503400,N07B,Disulfiram,Disulfiram
60505250403,N05A,Lithium Carbonate,Lithium Carbonate
00065063136,S01C,Neomycin-Polymyxin-Dexameth Ophth. Oint,Neomycin-Polymyxin-Dexameth Ophth. Oint
59075068110,N03A,Zonisamide,Zonisamide
00054453825,N07B,Methadone HCl,Methadone (Dispersible Tablet)
51079007020,B01A,Dipyridamole,Dipyridamole
00173051900,B01A,Epoprostenol Na,N/A
00054818025,H02A,Dexamethasone,Dexamethasone
00904401408,J01C,Ampicillin,AMPicillin Oral Suspension
59572010201,L01B,Azacitidine (Subcut),N/A
00536376701,N07B,Disulfiram,Disulfiram
63653133203,B01A,Clopidogrel,Clopidogrel
00516009201,N/A,Yodoxin,*NF* Iodoquinol
00083006332,C09A,Lotrel,*NF* Benazepril
59762503101,A10B,GlipiZIDE XL,GlipiZIDE XL
00173042400,J01D,Cefuroxime Sodium,N/A
00703565301,L01C,Etoposide,N/A
00703468501,L01D,Mitoxantrone,N/A
00409401101,C08D,Verapamil HCl,Verapamil HCl
62856060001,L01B,Decitabine,N/A
54627050230,N/A,Sodium Citrate,Sodium Citrate
63481007270,N05A,Molindone HCl,Molindone HCl
00172566310,N05B,BusPIRone,BusPIRone
59741030912,N/A,Aspirin,Aspirin (Rectal)
61703040841,L01B,Methotrexate Sodium P.F.,N/A
59148001315,N05A,Aripiprazole,Aripiprazole Oral Soln
54868133201,R06A,Cyproheptadine HCl,Cyproheptadine HCl
00904205159,N/A,DimenhyDRINATE,DimenhyDRINATE
59148000735,N05A,Aripiprazole,Aripiprazole
00024515010,M04A,*NF* Rasburicase,N/A
51079034820,J01X,Nitrofurantoin Monohyd (MacroBID),Nitrofurantoin Monohyd (MacroBID)
00008083721,N06A,Venlafaxine XR,Venlafaxine XR
54482005301,L01X,Procarbazine HCl,Procarbazine HCl
51079020220,A10B,ChlorproPAMIDE,ChlorproPAMIDE
00089020025,G01A,Metronidazole Gel 0.75%-Vaginal,Metronidazole Gel 0.75%-Vaginal
00456067299,R03B,Flunisolide,Flunisolide Inhaler
00186045028,C08C,Felodipine,Felodipine
51079046220,N05A,Risperidone,Risperidone
00078040215,L01E,Gleevec,*NF* Imatinib Mesylate
00904597661,N05A,Risperidone,Risperidone
10432006501,A11H,Riboflavin,Riboflavin
65473070509,D01A,Nystatin,Nystatin
50419005030,L03A,Sargramostim,N/A
51079014820,J01A,Doxycycline Hyclate,Doxycycline Hyclate
00186190601,J05A,Foscarnet,N/A
68188093190,P03A,Lindane Shampoo,Lindane Shampoo
68188093590,P03A,Lindane Lotion,Lindane Lotion
62436052330,D04A,Zonalon,*NF* Doxepin 5% Cream
61958060201,J05A,Emtricitabine Oral Solution,Emtricitabine Oral Solution
00168005815,C05A,fluocin,Fluocinolone Acetonide 0.01% Cream
60432013325,D07A,Clobetasol Propionate 0.05% Soln,Clobetasol Propionate 0.05% Soln
00085174701,P02B,Praziquantel,*NF* Praziquantel
60977011202,N05B,Lorazepam,N/A
50419000201,L03A,Sargramostim,N/A
00088115330,L03A,Copaxone,*NF* Glatiramer Acetate
00004201509,L03A,Interferon Alfa 2A,Interferon Alfa 2A
54569040401,N06A,Desipramine HCl,Desipramine Hcl
63481020516,N04B,Amantadine Syrup,Amantadine Syrup
17478029111,S01G,Cromolyn,*NF* Cromolyn Sodium 4% Opth
58468012001,H05B,Doxercalciferol,Doxercalciferol
49281040010,J07C,Tetanus-DiphTox-Acellular Pertuss (Adacel),Tetanus-DiphTox-Acellular Pertuss (Adacel)
00065008515,S03A,Naphazoline-Pheniramine Ophth. Solution,Naphazoline-Pheniramine Ophth. Solution
00056001170,N07B,Naltrexone,*NF* Naltrexone
00093017456,L04A,Leflunomide,*NF* Leflunomide
00004026349,C03C,Torsemide,Torsemide
00078040105,L01E,Imatinib Mesylate,*NF* Imatinib Mesylate
52152001902,N02B,Salsalate,Salsalate
65649010102,A07E,Colazal,*NF* Balsalazide Disodium
50458022304,D01A,Ketoconazole Shampoo,Ketoconazole Shampoo
54569454303,J05A,Nelfinavir Mesylate,NelFINavir Mesylate
00089081521,R03A,Maxair,*NF* Pirbuterol Acetate
00074410401,N/A,Nitroglycerin,N/A
00087607211,A10B,Glucovance (1.25mg-250mg),Glyburide/Metformin (1.25mg-250mg)
38779041004,N/A,NEO*PO*Acetazolamide (20mg/1ml),NEO*PO*Acetazolamide (20mg/1ml)
55513003904,B03X,Aranesp,*NF* Darbepoetin Alfa-Albumin
00173033602,R03B,Beclomethasone Dipro. (Nasal),Beclomethasone Dipro. (Nasal)
00386000103,N01B,Ethyl Chloride,Ethyl Chloride
00004026948,J05A,Ganciclovir,Ganciclovir
53489033001,N06A,Imipramine,Imipramine
60505056701,S01E,Dorzolamide 2% Ophth. Soln.,Dorzolamide 2% Ophth. Soln.
49452192001,N/A,NEO*PO*Chloral Hydrate,NEO*PO*Chloral Hydrate
00075062403,B01A,Enoxaparin Sodium,Enoxaparin Sodium (Ampule)
51079022220,N04A,Benztropine Mesylate,Benztropine Mesylate
00536480101,A11H,Tocopheryl,Tocopheryl
00378026101,H02C,Ketoconazole,Ketoconazole
63256020005,N/A,Talc (Sterile),N/A
54868442102,C07A,Carvedilol,Carvedilol
00093894701,J05A,Acyclovir,Acyclovir
42998020301,N02A,Opium Tincture,Opium Tincture
29336030510,C01B,Flecainide Acetate,Flecainide Acetate
00093538506,J05A,LaMIVudine-Zidovudine (Combivir),LaMIVudine-Zidovudine (Combivir)
54569105100,R05D,Dextromethorphan Poly Complex,Dextromethorphan Polistirex
00065027510,S01E,Brinzolamide,*NF* Brinzolamide 1% Ophth
00781103213,N05A,Trifluoperazine HCl,Trifluoperazine HCl
59148002050,C03X,Tolvaptan,Tolvaptan
59148002150,C03X,Tolvaptan,Tolvaptan
00456430008,J01X,Fosfomycin Tromethamine,*NF* Fosfomycin Tromethamine
00074672903,A12C,Magnesium Sulfate,N/A
00051842530,G03B,AndroGel,*NF* Testosterone Gel 1% (25 mg)
00378616001,C07A,Propranolol LA,Propranolol LA
24090047188,C07A,Propranolol LA,Propranolol LA
51079011520,N04A,Trihexyphenidyl HCl,Trihexyphenidyl HCl
10139023511,M03A,Rocuronium,Rocuronium
00472030680,D07A,Triamcinolone Acetonide 0.1% Ointment,Triamcinolone Acetonide 0.1% Ointment
00074592201,R03D,Aminophylline,N/A
00089061012,D06B,Aldara,*NF* Imiquimod
00469520130,D11A,Tacrolimus,*NF* Tacrolimus 0.03% Ointment
58468466301,A16A,*NF* Imiglucerase,N/A
00003161412,J05A,Entecavir Oral Solution,Entecavir Oral Solution
00075008200,C03B,Indapamide,Indapamide
51079051620,N05A,Chlorpromazine HCl,Chlorpromazine HCl
55887019190,N/A,Propranolol LA,Propranolol LA
67425000210,B06A,Neo*IV*Hyaluronidase (Ovine),Neo*IV*Hyaluronidase (Ovine)
51079008220,J04A,Isoniazid,Isoniazid
57844018701,N05A,Orap,*NF* Pimozide
53169010501,C03C,Torsemide,Torsemide
62617051520,A11H,Neo*PO*Vitamin E TPGS 26.7 Unit/ml,Neo*PO*Vitamin E TPGS 26.7 Unit/ml
00078034445,G03C,Vivelle-Dot,*NF* Estradiol Transdermal Patch
49884011701,C03D,Amiloride HCl,Amiloride HCl
00085117902,L03A,Interferon Alfa-2B,N/A
00703480503,V03A,Mesna,N/A
10019095601,L01A,Cyclophosphamide,N/A
59762093002,J02A,Voriconazole,Voriconazole
00300364201,L02A,Leuprolide Acetate,Leuprolide Acetate
63323013210,L01D,Mitoxantrone,N/A
55390080901,L01B,Cytarabine,N/A
63323022930,V03A,Protamine Sulfate,N/A
60258015101,A01A,Sodium Fluoride 1.1% (Dental Gel),Sodium Fluoride 1.1% (Dental Gel)
00006775331,L01A,Mechlorethamine HCl,N/A
00781320695,J01D,CeftriaXONE,CeftriaXONE
00006026706,N02C,Maxalt,*NF* Rizatriptan Benzoate
00944270005,J06B,Gammagard Liquid,N/A
00087003901,N06A,Nefazodone HCl,Nefazodone HCl
67781025101,R03D,Theophylline ER (Uniphyl),Theophylline ER (Uniphyl)
00007521006,H03A,Liothyronine Sodium,N/A
00088177849,C08D,Diltiazem,*NF* Diltiazem SR
00045025549,N05A,Haloperidol,Haloperidol
17478006412,S01X,Hydroxypropyl Meth. 2.5% Ophth,Hydroxypropyl Meth. 2.5% Ophth
63323006420,A12C,Magnesium Sulfate,N/A
61553074004,H01B,Oxytocin,N/A
00472040015,D07A,Clobetasol Propionate,*NF* Clobetasol Propionate 0.05% Cream
51079087320,A10B,GlyBURIDE,GlyBURIDE
51079076220,N06A,Sertraline,Sertraline
00093310793,J01C,Amoxicillin,AMOXicillin
00026815120,N/A,Dacarbazine,N/A
00085057102,L03A,Interferon Alfa-2B,N/A
00005075323,S01E,Acetazolamide,Acetazolamide S.R.
61570014610,J01C,Penicillin G Benzathine,Penicillin G Benzathine
52959040250,N05C,Triazolam,Triazolam
00087076102,A12B,Potassium Bicarbonate Eff,Potassium Bicarbonate Eff
00054834625,N05A,Haloperidol,Haloperidol
00009074635,G03D,Medroxyprogesterone Acetate,Medroxyprogesterone Acetate
00781103410,N05A,Trifluoperazine HCl,Trifluoperazine HCl
00002821101,A10A,Insulin Regular Pork (Iletin II),Insulin Regular Pork (Iletin II)
53303009030,N/A,Carrington Dermal Wound,Carrington Dermal Wound Gel
54092006301,L01X,Anagrelide,*NF* Anagrelide
54569405900,R03B,Rhinocort,*NF* Budesonide Nasal Inhaler
55513014801,B03X,NEO*IV*Epoetin Alfa,N/A
00074405201,J01F,Clindamycin Phosphate,N/A
00015300120,N/A,Mitomycin,N/A
63323061710,C01C,Milrinone Lactate,N/A
00004025001,L01X,Tretinoin (Chemotherapy),Tretinoin
00300364101,L02A,Leuprolide Acetate,Leuprolide Acetate
50458060228,N05A,Risperidone (Disintegrating Tablet),Risperidone (Disintegrating Tablet)
00378911916,N02A,Fentanyl Patch,Fentanyl Patch *NF*
63304082790,C10A,Atorvastatin,Atorvastatin
11980021105,S01B,Fluorometholone 0.1% Ophth Susp.,Fluorometholone 0.1% Ophth Susp.
00115191101,J05A,Rimantadine,Rimantadine
63459050430,N01A,Actiq,*NF* Fentanyl Lozenge
39822904501,A09A,Pancrelipase 4500,Pancrelipase 4500
59011044020,N02A,Oxycodone SR (OxyconTIN),Oxycodone SR (OxyconTIN)
52544014926,N/A,Ferric Gluconate,N/A
68084026701,C09A,Ramipril,Ramipril
00046110281,G03C,Estrogens Conjugated,Estrogens Conjugated
51079013020,N05A,Chlorpromazine HCl,Chlorpromazine HCl
00310027839,N05A,Quetiapine Fumarate,Quetiapine Fumarate
00034234019,D08A,Povidone Iodine 10% Ointment,Povidone Iodine 10% Ointment
51079020120,C02A,Methyldopa,Methyldopa
00037440101,M01C,Penicillamine,Penicillamine
53169010260,C03C,Torsemide,Torsemide
00085048781,R03D,Theophylline SR,Theophylline SR
49281080083,J07A,Tetanus,Tetanus Toxoid Adsorbed
00088177947,C08D,diltia,*NF* Diltiazem SR
51079086920,C08D,Verapamil SR,Verapamil SR
00003067371,J01C,Penicillin G Potassium,N/A
54868534800,L01A,*NF* Temozolomide,*NF* Temozolomide
23360005142,J04A,Rifampin,N/A
00081027255,C01A,*NF* Digoxin (Lanoxicaps),*NF* Digoxin (Lanoxicaps)
00081027455,C01A,Lanoxicaps,*NF* Digoxin (Lanoxicaps)
00054368663,N02A,Oxycodone-Acetaminophen Elixir,Oxycodone-Acetaminophen Elixir (Bulk)
61451501507,N02A,Belladonna & Opium,Belladonna & Opium
52152002002,N02B,Salsalate,Salsalate
00039010411,C09A,Ramipril,*NF* Ramipril
00409176102,N01B,Bupivacaine 0.75%,Bupivacaine 0.75%
00002897101,H05A,Forteo,*NF* Teriparatide
00121067304,N05A,Perphenazine,Perphenazine
00258362501,R03D,Theophylline SR,Theophylline SR
00078035084,M05B,Zoledronic Acid,N/A
00074318813,J01F,Clarithromycin,Clarithromycin (Suspension)
00186107509,R03B,RHINOCORT NASAL INHALER,*NF* Budesonide Nasal Inhaler
00409427902,C01B,Lidocaine 1%,Lidocaine 1%
00517037510,N/A,Indigotindisulfonate Sodium,Indigotindisulfonate Sodium
55390003410,L01B,Methotrexate Sodium P.F.,N/A
58406042534,L04A,Enbrel,*NF* Etanercept
00555900942,G03A,Norethindrone-Estradiol,Norethindrone-Estradiol
00766150020,N07B,Nicotine Lozenge,Nicotine Lozenge
54569533900,G03B,AndroGel,*NF* Testosterone Gel 1% (50 mg)
00083232062,G03C,Estraderm,*NF* Estraderm
00074245351,N02A,Hydromorphone-HP,N/A
10019003574,N01A,Fentanyl Citrate,N/A
17314585102,N06B,CONCERTA,*NF* Methylphenidate E.R.
64764024060,A06A,Lubiprostone,Lubiprostone
00456005001,H03A,Liotrix-1,Liotrix-1
00173063535,L01A,Chlorambucil,Chlorambucil
00713052612,R06A,Promethazine HCl,Promethazine HCl
00378005201,C07A,Pindolol,Pindolol
00046037406,V03A,Pralidoxime Chloride,N/A
00703292503,M03A,Vecuronium Bromide,Vecuronium Bromide
00574722406,N02A,Hydromorphone,Hydromorphone (Rectal)
00091334201,N04B,Carbidopa-Levodopa (25-100),*NF* Carbidopa-Levodopa (25-100)
00591566101,M01A,Sulindac,Sulindac
17314850101,G04B,Ditropan XL,*NF* Oxybutynin XL
00904056060,N03A,Primidone,Primidone
00083006230,N03A,Carbamazepine XR,Carbamazepine XR
00517420125,N05B,HydrOXYzine,HydrOXYzine
00074416901,N01B,Chloroprocaine 2%,Chloroprocaine 2%
10019003539,N01A,Fentanyl Citrate,N/A
60793011501,H03A,Liothyronine Sodium,Liothyronine Sodium
00004038039,J05A,*NF* Enfuvirtide,N/A
00173004535,L01A,Melphalan,Melphalan
11980002205,S03A,Sulfacetamide-Prednisolone Ophth. Susp.,Sulfacetamide-Prednisolone Ophth. Susp.
61314064725,S01C,Tobramycin-Dexamethasone Ophth Susp,Tobramycin-Dexamethasone Ophth Susp
00555095202,N06B,Dextroamphetamine,Dextroamphetamine
00781312595,J01C,Nafcillin,N/A
00472097716,J01F,Erythromycin,*NF* Erythromycin Estolate Susp.
00008103008,L04A,Sirolimus,Sirolimus
00364074090,C01B,Disopyramide Phosphate,Disopyramide Phosphate
00083006132,N03A,Tegretol XR,*NF* Carbamazipine XR
00247120004,C01C,Norepinephrine,N/A
59366279103,D07A,Clobetasol Propionate 0.05% Gel,Clobetasol Propionate 0.05% Gel
00054813916,N05C,Chloral Hydrate,Chloral Hydrate (Syrup)
00062535001,G01A,Terconazole 0.4% Vag. Cream,Terconazole 0.4% Vag. Cream
00186430100,A11C,Vitamin A,Vitamin A
00115211101,J01A,Demeclocycline,*NF* Demeclocycline
00088120876,A04A,Dolasetron Mesylate,Dolasetron Mesylate
00074298905,V03A,Amino Acids 3.5%,N/A
66860090203,J01D,CefazoLIN,CefazoLIN
00087667317,J05A,Didanosine EC,Didanosine EC
51079076608,N03A,Divalproex (EXTended Release),Divalproex (EXTended Release)
00088216030,L04A,Arava,*NF* Leflunomide
00074318201,N01B,Lidocaine 2%/Epinephrine,Lidocaine 2%/Epinephrine
00469511601,H02A,Triamcinolone Diacetate,Triamcinolone Diacetate
00003029305,H02A,Triamcinolone Acetonide,Triamcinolone Acetonide
59762501901,C09A,Quinapril,Quinapril
00258363801,R03D,Theophylline SR,Theophylline SR (Slo-Phyllin)
55390000501,L01D,Bleomycin,N/A
00574704512,N02A,Belladonna & Opium,Belladonna & Opium (16.2/30mg)
00006057143,J05A,Indinavir Sulfate,Indinavir Sulfate
00597004724,J05A,Nevirapine,Nevirapine Suspension
51079058820,N05A,Thiothixene,Thiothixene
53746014101,N02B,Midrin,*NF* Isometheptene/Dichloralphenazone-APAP
00703430102,L01A,Thiotepa,N/A
00054372763,C07A,NEO*PO*Propranolol,NEO*PO*Propranolol
00781202701,N06A,ClomiPRAMINE,ClomiPRAMINE
00024123305,N03A,Mebaral,*NF* Mephobarbital
00172428000,C08D,Verapamil SR,Verapamil SR
00007323411,B01A,Fondaparinux Sodium,Fondaparinux
62584073301,C02D,HydrALAzine,HydrALAzine
00093078405,L02B,Tamoxifen Citrate,Tamoxifen Citrate
65483070210,A07E,Budesonide,Budesonide
59011045401,N02A,HYDROmorphone (Dilaudid),HYDROmorphone (Dilaudid)
00024225304,A14A,Stanozolol (Bulk),*NF* Stanozolol
00172443160,A02B,Misoprostol,Misoprostol
59762171002,C03D,Eplerenone,Eplerenone
00093738001,N06A,Venlafaxine,Venlafaxine
68180020203,J01D,*NF* Cefixime Suspension,*NF* Cefixime Suspension
00310028339,N05A,Quetiapine extended-release,Quetiapine extended-release
59676056001,J05A,Darunavir,*NF* Darunavir
00009006412,G03D,MedroxyPROGESTERone Acetate,MedroxyPROGESTERone Acetate
17236088901,N06A,Amoxapine,*NF* Amoxapine
00074390413,N03A,Tiagabine HCl,Tiagabine HCl
00591571401,N06A,Amoxapine,*NF* Amoxapine
51079012520,C01B,Procainamide HCl,Procainamide HCl
00024135202,R01A,Neo-Synephrine,Phenylephrine 1% Nasal Spray
00310037720,J01D,*NF* Cefotetan,N/A
00469281030,N05A,Fluphenazine,Fluphenazine
00003056902,N05A,Fluphenazine,Fluphenazine Decanoate
00781143713,N05A,Fluphenazine,Fluphenazine
00677059802,J01A,Doxycycline Hyclate,Doxycycline Hyclate
00024230110,C07A,Betaxolol,*NF* Betaxolol HCl
51079058920,N05A,Thiothixene,Thiothixene
00032192824,A07E,Mesalamine (Rectal),Mesalamine (Rectal)
00186024044,C01B,Lidocaine 2%,Lidocaine 2%
25010021027,C03C,Ethacrynate Sodium,N/A
00053767006,B05A,Albumin 5% (2.5gm),Albumin 5% (2.5gm)
63323039306,J01X,Colistin,N/A
63629377401,N02A,Oxycodone SR (OxyconTIN),Oxycodone SR (OxyconTIN)
00904027760,A11H,Vitamin E,Vitamin E
65473098004,G04B,Sanctura,*NF* Trospium
00677084601,R03D,Theophylline (Slo-bid) Capsule,Theophylline (Slo-bid) Capsule
00067400101,D01B,Terbinafine 1% Spray,Terbinafine 1% Spray
51079048120,N04B,Amantadine,Amantadine
00083007932,C09A,Lotensin,*NF* Benazepril
00270055615,V04C,Sincalide,N/A
00536126296,P03A,Lindane Lotion,Lindane Lotion
00121059530,A09A,Bicitra,Bicitra
59148000935,N05A,Aripiprazole,Aripiprazole
00182070201,C01D,Nitroglycerin,Nitroglycerin
24208039407,S01E,Revatio,*NF* Dapiprazole
00054873525,C01B,Quinidine Sulfate,Quinidine Sulfate
00591557101,J01E,Trimethoprim,Trimethoprim
00075006037,H02A,Triamcinolone Acetonide(Inhal),*NF* Triamcinolone Acetonide
51079063420,N05B,Clorazepate Dipotassium,Clorazepate Dipotassium
00006007131,D11A,Finasteride,*NF* Finasteride
00378087299,C02A,Clonidine Patch 0.2 mg/24 hr,Clonidine Patch 0.2 mg/24 hr
25010020515,C03C,Ethacrynic Acid,Ethacrynic Acid
45802005435,D07A,Triamcinolone Acetonide 0.025% Ointment,Triamcinolone Acetonide 0.025% Ointment
51672126705,D07A,Triamcinolone Acetonide,Triamcinolone Dental Paste
00781100813,C03E,triampt,*NF* Maxzide
55390060020,L04A,Azathioprine Sodium,N/A
00703408511,M05B,Pamidronate,N/A
61570011156,C09A,Ramipril,*NF* Ramipril
68516320003,B02B,Factor IX Complex,Factor 9 Complex
00364202690,J01A,Tetracycline HCl,Tetracycline HCl
00007411719,J05A,Famvir,*NF* Famciclovir
00008072801,N/A,Codeine Phosphate,Codeine Phosphate
24208079062,S03A,Neomycin-Polymyxin-Gramicidin,Neomycin-Polymyxin-Gramicidin
00472037115,C05A,Betamethasone Valerate 0.1% Ointment,Betamethasone Valerate 0.1% Ointment
00093894093,J05A,Acyclovir,Acyclovir
53014025001,H02A,NEO*PO*Prednisolone Syrup,NEO*PO*Prednisolone Syrup
59439045502,H02A,Prednisolone Oral Solution,Prednisolone Oral Solution
63323023420,A03B,Atropine Sulfate,Atropine Sulfate
00049011528,J02A,Anidulafungin,N/A
00002050101,J01G,NEO*IV*Tobramycin Sulfate,N/A
00007411713,J05A,*NF* Famciclovir,*NF* Famciclovir
00069073166,R06A,ZYRtec,*NF* Cetirizine
00409152202,V06D,D5W (Glass Bottle),N/A
00186103401,N01B,Bupivacaine 0.50%,Bupivacaine 0.50%-Epinephrine
00472040115,D07A,Clobetasol Propionate,*NF* Clobetasol Propionate 0.05% Ointment
67467084304,J06B,Octagam,N/A
00172433360,N06A,Nefazodone HCl,Nefazodone HCl
00904125161,N02B,Salsalate,Salsalate
00172433260,N06A,Nefazodone HCl,Nefazodone HCl
00074333330,J05A,RiTONAvir,RiTONAvir
58468470901,V03A,Sevelamer,Sevelamer
21695000230,N05A,Aripiprazole,Aripiprazole
00006046106,A04A,Aprepitant,Aprepitant
51284062022,A01A,Chlorhexidine Gluconate,Chlorhexidine Gluconate
00173049900,R03B,Flovent,*NF* Fluticasone Propionate
00006046206,A04A,Aprepitant,Aprepitant
00258371101,J05A,Rimantadine,*NF* Rimantadine
00009026002,C10A,Colestid,*NF* Colestid
00003080110,N05A,Fluphenazine,Fluphenazine HCl
00054009920,N03A,Oxcarbazepine,Oxcarbazepine
25021021350,L01C,PACLItaxel (TaxOL),N/A
00703424801,L01X,CARBOplatin,N/A
00006394132,N/A,Fosaprepitant,N/A
63323042610,M03A,Rocuronium,*NF* Rocuronium
54569104600,R06A,Promethazine HCl,Promethazine HCl
00574011215,C09A,Moexipril,Moexipril
64455099395,D06B,Acyclovir Ointment 5%,Acyclovir Ointment 5%
58980061030,D02A,Urea,*NF* Urea 20 % Cream
51079095720,C02C,Doxazosin,Doxazosin
65473075401,R03C,Albuterol Sulfate (Extended Release),Albuterol Sulfate (Extended Release)
00548909010,B06A,Hyaluronidase,N/A
00087665001,J05A,Didanosine Chewable Tab,Didanosine
00054011625,N04B,Ropinirole,Ropinirole
00245015401,N02B,Salsalate,Salsalate
66302020603,B01A,Tyvaso,*NF* Treprostinil
00004035009,L03A,Pegasys,Peginterferon Alfa-2a
60977011501,N02A,Morphine Sulfate (PF),N/A
00093514001,M05B,Alendronate Sodium,Alendronate Sodium
00006335645,J01D,*NF* Cefoxitin Sodium,N/A
00069267041,C08C,Nifedipine,*NF* Nifedipine XL
49281038215,N/A,Influenza Virus Vaccine,Influenza Virus Vaccine *Latex Free*
00590032435,B01A,*NF* Warfarin,N/A
66479052101,C02A,CloniDINE,N/A
00007315613,G03B,AndroGel,*NF* Testosterone Gel 1%
66479052001,C02A,CloniDINE,N/A
58980062570,D02A,urea,*NF* Urea 40% Cream
00456060010,J01D,Ceftaroline,N/A
00781104701,N05A,Perphenazine,Perphenazine
54868248901,A11D,Thiamine Study Drug (*IND*),N/A
52959053614,A02B,Omeprazole,*NF* Omeprazole
64980013009,A16A,Carnitor,Levocarnitine
58406043504,L04A,Etanercept,*NF* Etanercept
60432021208,H02A,prednisoLONE,*NF* PrednisoLONE Solution
00517305025,N/A,Sterile Water,N/A
00187000714,J05A,Ribavirin Aerosol,N/A
00172428510,C08D,Verapamil SR,Verapamil SR
50458060128,N05A,Risperidone (Disintegrating Tablet),Risperidone (Disintegrating Tablet)
00074714913,H03A,Levothyroxine Sodium,Levothyroxine Sodium
00088115003,L03A,Copaxone,*NF* Glatiramer Acetate
12496130602,N07B,Buprenorphine-Naloxone (8mg-2mg),Buprenorphine-Naloxone (8mg-2mg)
00075291502,B01A,Enoxaparin Sodium,Enoxaparin Sodium
00034050010,N02B,Choline Magnesium Trisalicylate,Choline Magnesium Trisalicylate
00065065435,S03A,*NF* Ciprofloxacin 0.3% Ophth Oint,*NF* Ciprofloxacin 0.3% Ophth Oint
00004007901,J02A,Flucytosine,Flucytosine
00395100391,D01A,Neo*PO*Gentian Violet 0.25 %,Neo*PO*Gentian Violet 0.25 %
00781305780,A04A,Ondansetron,N/A
00065064435,S01A,Tobramycin 0.3% Ophth Ointment,Tobramycin 0.3% Ophth Ointment
54391005009,A16A,Levocarnitine,Levocarnitine
00054823301,C02A,Clonidine HCl,N/A
58281056301,M03B,Baclofen Intrathecal,N/A
00006057354,J05A,Indinavir Sulfate,Indinavir Sulfate
00074332901,N01A,Thiopental Sodium,Thiopental Sodium
55513054610,L03A,Filgrastim,N/A
00026066420,N/A,Antihemophilic Factor,N/A
00026066430,N/A,Antihemophilic Factor,N/A
51927274200,N/A,Diazoxide,*NF* Diazoxide Suspension
00641036925,N05B,Diazepam,Diazepam
11793752202,V04C,Tuberculin Protein,Tuberculin Protein
50111052901,N02B,Choline Magnesium Trisalicylate,Choline Magnesium Trisalicylate
72140085731,N/A,Basis,Basis Soap
00904563561,A10B,MetFORMIN (Glucophage),MetFORMIN (Glucophage)
18860067870,A07E,Cromolyn,*NF* Cromolyn Sodium Oral Solution
53014067870,A07E,Cromolyn,*NF* Cromolyn Sodium Oral Solution
55566504001,H01B,Desmopressin Acetate,Desmopressin Acetate
51079058620,N05A,Thiothixene,Thiothixene
00085043104,R03C,albuterol,Albuterol Sulfate CR
00703877103,C01E,Adenosine,Adenosine
51079058720,N05A,Thiothixene,Thiothixene
00143145801,N03A,PHENObarbital,Phenobarbital
00591359160,A04A,Dronabinol,Dronabinol
66213042510,A03C,Donnatol,Donnatol
00007315518,G03B,Testosterone 2.5mg Patch,Testosterone 2.5mg Patch
00005535960,N05A,Loxapine Succinate,Loxapine Succinate
51079067820,N05A,Loxapine Succinate,Loxapine Succinate
49281000610,N/A,Influenza Virus Vaccine,Influenza Virus Vaccine *Latex Free*
49884067314,G02C,Cabergoline,*NF* Cabergoline
00006337666,C01E,Indomethacin,Indomethacin Suspension
00007489320,N04B,Ropinirole Hydrochloride,Ropinirole HCl
00034234003,D08A,Povidone Iodine 10% Ointment,Povidone Iodine 10% Ointment
00078036545,G03C,Vivelle,*NF* Estradiol Transdermal Patch
39822027702,J01X,Bacitracin,Bacitracin
00536467801,A11D,Thiamine,Thiamine
00091353201,A03B,L-Hyoscyamine,L-Hyoscyamine SL
00364301247,N/A,Iron Dextran Complex,N/A
00024155001,L01X,Porfimer Sodium,Porfimer Sodium
00075245001,H01B,Desmopressin ,Desmopressin Acetate
60574310101,J06B,Cytomegalovirus Immune Glob,N/A
00054348254,N/A,Kaolin/Pectin,Kaolin/Pectin
00013010501,A07E,Dipentum,*NF* Olsalazine
00187301330,N07A,Pyridostigmine Bromide,Pyridostigmine Bromide SR
00008104005,L04A,Sirolimus,Sirolimus
66490069110,N03A,Primidone,*NF* Primidone (Mysoline Brand)
00143978510,N03A,Valproate Sodium,N/A
59762024603,N06D,Donepezil,Donepezil
24208068615,S01E,Pilocarpine 4%,Pilocarpine 4%
00456046201,H03A,Thyroid,Thyroid
00034050510,N02B,CHOLINE,Choline Magnesium Trisalicylate
62584089701,V04C,FoLIC Acid,FoLIC Acid
00456045801,H03A,Thyroid,Thyroid
00472132002,A07A,Nystatin Oral Suspension,Nystatin Oral Susp (Self Med)
52544049401,N05A,Loxapine Succinate,Loxapine Succinate
00002140701,N/A,Quinidine Gluconate,N/A
00378720001,M01A,Etodolac,*NF* Etodolac
00409233610,V03A,Deferoxamine Mesylate,N/A
00574012174,A07B,Charcoal Aqueous (Activated),Charcoal Aqueous (Activated)
00024008401,P01B,Chloroquine,Chloroquine
00245016212,N02A,Morphine Sulfate,Morphine Sulfate (Rectal)
00083380104,N/A,Desferal,Deferoxamine Mesylate (*IND*)
52959058605,N02A,Fentanyl Patch,Fentanyl Patch
00536468301,J01E,Trimethoprim,Trimethoprim
00168020160,D10A,Clindamycin,Clindamycin 1% Solution
66733094823,L01X,Cetuximab,N/A
55390023301,L01D,DOXOrubicin,N/A
00173099155,J05A,Acyclovir,Acyclovir
00182005301,A05A,Niacin,Niacin
00186502228,A02B,NexIUM,*NF* Esomeprazole
00023114501,M03A,Botulinum Toxin Type B,Botulinum Toxin Type A
00004196501,J01D,Ceftriaxone Sodium,Ceftriaxone Sodium
63304065325,N03A,Oxcarbazepine,Oxcarbazepine Oral Suspension
27434003185,A11H,Vitamin E,Vitamin E Liquid
00781627043,N03A,Oxcarbazepine,Oxcarbazepine Oral Suspension
54569288100,B03B,Cyanocobalamin,Cyanocobalamin
00703841104,C09A,Enalaprilat,N/A
00078035752,N03A,Oxcarbazepine,Oxcarbazepine Oral Suspension
50458057810,B01A,Rivaroxaban,Rivaroxaban
00998031515,S01F,Homat,*NF* Homatropine 5%
24208043405,S01A,Ofloxacin,*NF* Ofloxacin 0.3% Ophth Soln
00172428610,C08D,Verapamil SR,Verapamil SR
00026851448,J01M,Ciprofloxacin HCl,Ciprofloxacin HCl
00074605713,N06B,Pemoline,Pemoline
00078037366,L01E,*NF* Imatinib Mesylate,*NF* Imatinib Mesylate
59746011209,C03B,Indapamide,Indapamide
00641048225,C01C,Phenylephrine HCl,Phenylephrine HCl
00002727125,N/A,Cefuroxime Sodium,N/A
64679093602,A02B,Famotidine,Famotidine (Self Med)
00031890163,C02A,Guanfacine,*NF* Guanfacine
64764091830,M04A,Febuxostat,Febuxostat
50458059601,N05A,Risperidone,Risperidone Oral Solution
62584025901,A10B,MetFORMIN (Glucophage),MetFORMIN (Glucophage)
68084027501,H03B,Methimazole,Methimazole
00085137001,L03A,Peg-Intron,*NF* Peginterferon alfa-2b
61314004475,S01A,Trifluridine 1% Ophth Soln.,Trifluridine 1% Ophth Soln.
63323051610,H02A,Dexamethasone Sod Phosphate,N/A
10019069102,J01D,CefTAZidime Desensitization,N/A
00026431202,S02A,Acetic Acid Otic,Acetic Acid Otic
53169010360,C03C,Torsemide,Torsemide
58281056104,M03B,Baclofen Intrathecal,N/A
24208027507,S01E,Metipranolol,*NF* Metipranolol 0.3% Ophth Soln
00245018001,N03A,Divalproex (DELayed Release),Divalproex (DELayed Release)
00034121030,A06A,Senna,Senna/Docusate Sodium
42023011410,N01A,Ketamine (For Intubation),Ketamine
00006015030,M01A,Indomethacin,Indomethacin
00703040402,A16A,*NF* Levocarnitine,N/A
00052046002,N07A,Pyridostigmine Bromide,Pyridostigmine Bromide
00998031105,S01F,Homatropine HBr,*NF* Homatropine 2%
24208036705,S01E,Carteolol 1% Ophth Soln,Carteolol 1% Ophth Soln
59148000613,N05A,Aripiprazole,Aripiprazole
54092038101,N06B,Amphetamine-Dextroamphetamine,*NF* ADDerall XR
68734071010,N/A,Zyflo,*NF* Zileuton SR
51079095801,C02C,Doxazosin,Doxazosin
00430301015,D05A,Calcipotriene 0.005% Oint,Calcipotriene 0.005% Oint
00037043001,N03A,Felbatol,*NF* Felbamate
00172428010,C08D,Verapamil SR,Verapamil SR
63323054201,B01A,Heparin Sodium,N/A
58768078815,S01X,GenTeal,*NF* Genteal Lubricant Eye Drops
00378699789,B05X,Sodium Chloride 3% Inhalation Soln,Sodium Chloride 3% Inhalation Soln
00087120213,C09A,Fosinopril,*NF* Fosinopril Sodium
50458040101,J01D,Doripenem *NF*,N/A
00029657126,J01C,*NF* Timentin,N/A
53489046101,C01B,Quinidine Sulfate,Quinidine Sulfate
00173065644,L01C,Vinorelbine,N/A
00024120006,N/A,Milrinone,Milrinone Lactate
00173069100,J05A,Trizivir,*NF* Abacavir-Lamivudine-Zidovudine
63739012710,C02D,HydrALAzine,HydrALAzine
15330009406,A07X,Etidronate Disodium,*NF* Etidronate Disodium
51285003893,G03A,Levonorgestrel,Levonorgestrel
46287001401,A09A,NEO*PO*Bicitra,NEO*PO*Bicitra
00264310511,J01D,CefazoLIN,N/A
00015050401,L01A,Cyclophosphamide,Cyclophosphamide
00264196510,B05A,Hespan,N/A
67386080202,N03A,Mebaral,*NF* Mephobarbital
51079029220,A10B,Tolazamide,Tolazamide
00781197201,N06A,Desipramine,Desipramine
58914015575,L01X,Porfimer Sodium,N/A
60793070210,J01C,Penicillin G Benzathine,Penicillin G Benzathine
00054813104,A06A,Castor Oil,Castor Oil
00310072025,L02B,Fulvestrant,Fulvestrant
00406990762,N06A,ClomiPRAMINE,ClomiPRAMINE
64116003906,L03A,Interferon Alfacon-1,Interferon Alfacon-1
14789030002,N04A,Benztropine Mesylate,Benztropine Mesylate
00555013809,N06D,galantamine,*NF* Galantamine
49281064015,N/A,Influenza A (H1N1) Vaccine,N/A
00051845030,G03B,AndroGel,*NF* Testosterone Gel 1% (50 mg)
00536135012,N02B,Aspirin,Aspirin (Rectal)
00078040134,L01E,Imatinib Mesylate,Imatinib Mesylate
00032102301,G03E,Estratest H.S.,*NF* Estrogen/Methyltestosterone
00083005932,C09A,Lotensin,*NF* Benazepril
00054822225,M01A,Diclofenac Sodium,Diclofenac Sodium CR
49938010230,J04B,Dapsone,Dapsone
00187355410,J02A,Flucytosine,Flucytosine
00024123105,N03A,Mebaral,*NF* Mephobarbital
00338001308,N/A,Sterile Water,N/A
63323032520,J05A,Acyclovir Sodium,N/A
00185072001,C01E,Indomethacin XR,Indomethacin XR
00135051101,N07B,Nicotine Lozenge,Nicotine Lozenge
55390006210,C07A,Esmolol,Esmolol
00169183411,A10A,Insulin,*NF* Insulin NPH Human (NovoLIN N)
19810000790,N02B,Excedrin Migraine,*NF* Aspirin-Acetaminophen-Caffeine
00472037045,C05A,Betamethasone Valerate 0.1% Cream,Betamethasone Valerate 0.1% Cream
00078022644,C08C,Isradipine,*NF* Isradipine
00186077739,B01A,ticagrelor,*NF* Ticagrelor
51248015001,G04B,Solifenacin,*NF* Solifenacin
00472075516,R06A,Cyproheptadine,Cyproheptadine
50458030811,N05A,Risperidone Long Acting Injection,Risperidone Long Acting Injection
59011044225,N02A,HYDROmorphone,N/A
00703280403,M03A,Pancuronium Bromide,Pancuronium Bromide
00409660902,B05X,Sodium Bicarbonate 4.2% (2.4mEq),Sodium Bicarbonate 4.2% (2.4mEq)
55390005401,V03A,Leucovorin Calcium,N/A
55513002801,B03X,darbepoetin alfa in polysorbat,*NF* Darbepoetin Alfa-Albumin
55390014301,L01B,Methotrexate Sodium,N/A
65197000101,C04A,Phenoxybenzamine HCl,Phenoxybenzamine HCl
00071023724,N03A,Zarontin,*NF* Ethosuximide
00071241823,N03A,Zarontin,*NF* Ethosuximide Syrup
17478020510,S01F,Phenyleprhine Ophth Soln 10%,Phenyleprhine Ophth Soln 10%
52604800206,A07B,Charcoal Aqueous (Activated),Charcoal Aqueous (Activated)
00998020815,S01E,Pilocarpine 6%,Pilocarpine 6%
51079088220,N03A,Clonazepam,Clonazepam
00409477723,J01M,Ciprofloxacin IV,N/A
00004196301,J01D,CeftriaXONE,N/A
00409190201,C01B,Procainamide,N/A
00172438310,N03A,Gabapentin,Gabapentin
55390004501,V03A,Mesna,N/A
00093031101,A07D,Loperamide,Loperamide
60492005101,J06B,Hepatitis B Immu Glob (HepaGam B),N/A
00409386302,J05A,Foscarnet Sodium,N/A
55390012210,L04A,CycloSPORINE (Sandimmune),N/A
00409955810,M03A,rocuronium,*NF* Rocuronium
63323030656,J01G,Tobramycin Sulfate,N/A
00555061214,N04B,pramipexole,*NF* Pramipexole
54868476800,N02A,Guaifenesin-CODEINE Phosphate,Guaifenesin-CODEINE Phosphate 
60793011701,H03A,Liothyronine Sodium,Liothyronine Sodium
00054315540,N/A,Cocaine HCl,Cocaine HCl
00002322930,N06B,Strattera,*NF* Atomoxetine HCl
00002323930,N06B,Strattera,*NF* Atomoxetine
10019016301,C01C,Phenylephrine,N/A
63323016505,H02A,Dexamethasone,Dexamethasone Sod Phosphate
11026263804,N/A,Kaopectate (bismuth subsalicy),*NF* Bismuth Subsalicylate
51079090220,N05A,Loxapine Succinate,Loxapine Succinate
54868089801,C01B,quiniDINE Sulfate,quiniDINE Sulfate
00078044905,C09A,Benazepril,*NF* Benazepril
00677000301,R03D,Aminophylline,Aminophylline
00409020120,L01C,DOCEtaxel (TaxoTERE),N/A
00703301812,L01B,Fluorouracil,N/A
00054860425,G03A,Megestrol Acetate,Megestrol Acetate
00003052411,L01E,Dasatinib,Dasatinib
51079012420,N04A,Trihexyphenidyl HCl,Trihexyphenidyl HCl
00409488810,B05X,Neo*Nasal*Sodium Chloride 0.9%,Neo*Nasal*Sodium Chloride 0.9%
55390006002,V03A,Dexrazoxane,N/A
50383017290,A16A,Levocarnitine,Levocarnitine
68734070010,N/A,Zyflo CR,*NF* Zileuton
60432046608,H02A,Dexamethasone Oral Soln (0.1mg/1mL),Dexamethasone Oral Soln (0.1mg/1mL)
61314020415,S01E,Pilocarpine 2%,Pilocarpine 2%
51079048020,N06A,Venlafaxine,Venlafaxine
44206310110,J06B,Cytomegalovirus Immune Glob,N/A
10939011801,A02A,Calcium Carbonate Suspension,Calcium Carbonate Suspension
54868596800,S01E,Travatan Z,*NF* Travoprost 0.004 % Ophth Soln
00781707787,G01A,Metronidazole Gel 0.75%-Vaginal,Metronidazole Gel 0.75%-Vaginal
00677176801,C08C,Felodipine,Felodipine
00062535101,G01A,Terconazole 80mg Vag. Supp,Terconazole 80mg Vag. Supp
00409904502,N01B,Bupivacaine 0.50%-Epinephrine,Bupivacaine 0.50%-Epinephrine
63323018510,N/A,Sterile Water,N/A
13533064520,J06B,Gamunex,N/A
66490069010,N03A,PrimiDONE,*NF* PrimiDONE (Mysoline Brand)
00143148401,N03A,PrimiDONE,PrimiDONE
00703831503,C08C,NiCARdipine IV,N/A
00603153258,A12B,*NF* Potassium Chloride,*NF* Potassium Chloride
00088117547,A02A,Gaviscon Extra Strength,*NF* Gaviscon
00172496058,L02B,Flutamide,Flutamide
00597018461,N04B,pramipexole,*NF* Pramipexole
52604510001,H03A,Levoxyl,*NF* Levothyroxine Sodium Brand Name
00409146301,N02A,Nalbuphine HCl,Nalbuphine HCl
67386091151,L01A,Mechlorethamine,N/A
50458055010,N05A,Paliperidone ER,Paliperidone ER
51285053422,D01A,Nystatin,Nystatin
12496075701,N02A,Buprenorphine HCl,Buprenorphine HCl
00071374066,N03A,Phenytoin Sodium Extended,Phenytoin Sodium Extended
00078034261,H01C,Octreotide Acetate,*NF* Octreotide LAR Depot
00004081095,J05A,Oseltamivir,Oseltamivir Suspension
00904105561,N04A,Benztropine Mesylate,Benztropine Mesylate
54868234003,N04A,Trihexyphenidyl HCl,Trihexyphenidyl HCl
00409233725,V03A,Deferoxamine (DFO) *IND*,N/A
51079058001,N05A,Thioridazine HCl,Thioridazine HCl
00409190301,C01B,Procainamide,Procainamide
00065021535,S01E,Pilocarpine HCl,*NF* Pilocarpine 4% Gel
50458055110,N05A,Paliperidone ER,Paliperidone ER
00054315440,N/A,Cocaine HCl,Cocaine HCl
00093688871,A07E,Mesalamine Enema,Mesalamine Enema
51079053120,N05B,HydrOXYzine,HydrOXYzine
00597003928,C09C,Micardis HCT,*NF* Telmisartan
52544063028,G03A,Microgestin 1/20 (21),*NF* Norethin Ace-Eth Estrad-FE
24208063562,S03A,Neomycin-Polymyxin-HC Otic Susp,Neomycin-Polymyxin-HC Otic Susp
00069098030,L01E,*NF* Sunitinib,*NF* Sunitinib
00182616840,R06A,DiphenhydrAMINE,DiphenhydrAMINE
00555058901,J05A,Didanosine EC,Didanosine EC
63395020113,N07A,Evoxac,*NF* Cevimeline HCl
00069098038,L01E,*NF* Sunitinib,*NF* Sunitinib
00168020130,D10A,Clindamycin,Clindamycin 1% Solution
00093874101,C01B,Mexiletine,Mexiletine
66758000802,C01C,Ephedrine,Ephedrine Sulfate
61570054120,R06A,Trimethobenzamide,Trimethobenzamide
49281029110,J07A,Tetanus-Diphtheria Tox (DECAVAC),Tetanus-Diphtheria Tox (DECAVAC)
51079056620,N05A,Thioridazine HCl,Thioridazine HCl
51079097320,A10B,MetFORMIN (Glucophage),MetFORMIN (Glucophage)
08290002191,N/A,Syringe,N/A
00904588861,R03D,Theophylline SR,Theophylline SR
42023011510,N01A,Ketamine,N/A
00264190955,G01A,Nephramine 2.7%,N/A
00074444005,M03A,ATRIPLA,*NF* Atracurium
00409904202,N01B,Bupivacaine 0.25%-Epinephrine,Bupivacaine 0.25%-Epinephrine
00703507937,B05A,Hespan,N/A
00168000580,D07A,Triamcinolone Acetonide 0.025% Ointment,Triamcinolone Acetonide 0.025% Ointment
00024059010,L01X,Oxaliplatin,N/A
50242006101,L01X,Bevacizumab,N/A
00703702103,N05A,Haloperidol Decanoate,Haloperidol Decanoate
00781183801,C09A,NEO*PO*Captopril,NEO*PO*Captopril
13551050105,J01E,Trimethoprim Oral Soln,Trimethoprim Oral Soln
00409118069,N02A,Meperidine,Meperidine
17478021612,S01G,Naphazoline 0.1% Ophth,Naphazoline 0.1% Ophth
00172433010,A10B,MetFORMIN (Glucophage),MetFORMIN (Glucophage)
65197000201,C03D,Triamterene,Triamterene
00078017905,D01B,Terbinafine,*NF* Terbinafine
54838054070,N06A,Citalopram,Citalopram Solution
50633012011,V03A,Digoxin Immune Fab,N/A
52544007730,G03B,Testosterone 4 mg Patch,Testosterone 4 mg Patch
00409330803,R05C,Acetylcysteine 20%,Acetylcysteine 20%
24208046325,S01E,Latanoprost 0.005% Ophth. Soln.,Latanoprost 0.005% Ophth. Soln.
00025273231,C01B,Disopyramide CR,Disopyramide CR
51079011820,A03A,DiCYCLOmine,DiCYCLOmine
49281040015,J07C,Tetanus-DiphTox-Acellular Pertuss (Adacel),Tetanus-DiphTox-Acellular Pertuss (Adacel)
10147088106,N06D,galantamine,*NF* Galantamine
58160082011,J07B,Hepatitis B Vaccine,Hepatitis B Vaccine
10147170007,J02A,Itraconazole,Itraconazole
51672412401,N03A,Carbamazepine (Extended-Release),Carbamazepine (Extended-Release)
00517234010,N/A,*NF* Iron Sucrose,N/A
00093312501,J01C,DiCLOXacillin,DiCLOXacillin
00781320995,J01D,CeftriaXONE,CeftriaXONE
55513022101,B02B,Romiplostim,N/A
00071035060,N06A,Phenelzine Sulfate,Phenelzine Sulfate
00409329906,B05X,Sodium Acetate,N/A
00071041813,C01D,Nitroglycerin SL,Nitroglycerin SL
50458030711,N05A,Risperidone Long Acting Injection,Risperidone Long Acting Injection
66220020730,V03A,Acetylcysteine (IV),N/A
50419035703,L04A,Alemtuzumab,N/A
59148007091,L01A,Busulfan,N/A
55390013910,J01X,Polymyxin B Sulfate,Polymyxin B Sulfate
67457021102,V03A,Fomepizole,N/A
65649023141,L04A,Azathioprine,Azathioprine
00591321472,N02A,Fentanyl Patch,Fentanyl Patch
00078044705,C09A,benazepril,*NF* Benazepril
58016030000,C07A,Acebutolol,Acebutolol
00143987201,C07A,Propranolol,N/A
00409651001,J01X,Vancomycin,N/A
00143148001,H03B,Propylthiouracil,Propylthiouracil
00703680104,G03D,MedroxyPROGESTERone Acetate,MedroxyPROGESTERone Acetate
00703315401,L01D,Bleomycin,N/A
63323027810,L01C,VinBLAStine (Velban),N/A
55390009010,L01A,Dacarbazine,N/A
61553025409,N/A,Ropivacaine 0.2%,N/A
00472011720,D10A,Tretinoin 0.025% Cream,Tretinoin 0.025% Cream
59762372802,D10A,Clindamycin,Clindamycin 1% Solution
00703239403,M03A,Rocuronium,*NF* Rocuronium Bromide
68220014015,C05A,Hydrocortisone Acetate 10%  Foam,Hydrocortisone Acetate 10%  Foam
00054017613,N02A,Buprenorphine,Buprenorphine
62584014201,N03A,Oxcarbazepine,Oxcarbazepine
51672200306,G01A,Clotrimazole 1% Vaginal Cream,Clotrimazole 1% Vaginal Cream
48102000735,D06A,Bacitracin Ophthalmic Oint,Bacitracin Ophthalmic Oint
68180012401,J01D,Cephalexin Desensitization,Cephalexin Desensitization
55390005210,V03A,Leucovorin Calcium,N/A
67286081201,C08C,NiCARdipine,NiCARdipine
00409428201,C01B,Lidocaine 2%,Lidocaine 2% P.F.
00186037220,R03A,Symbicort,Budesonide-Formoterol Inhaler (*NF*)
58016103201,J01C,Ampicillin,AMPicillin Suspension
63323040302,N03A,Fosphenytoin,N/A
54838000530,A11H,Vitamin E,Vitamin E Drops
00310072010,L02B,Fulvestrant (Faslodex),Fulvestrant (*IND*)
50111032501,N07A,Bethanechol,Bethanechol
00781143813,N05A,Fluphenazine,Fluphenazine
00008117901,L01E,Temsirolimus,N/A
68084037421,L02B,*NF* Bicalutamide,*NF* Bicalutamide
10939003722,C01E,Coenzyme Q10 Study Drug,Coenzyme Q10 (*IND*)
00065074112,S01H,Tetracaine HCl,Tetracaine 0.5% Ophth Soln
63323076350,L01C,PACLItaxel (TaxOL),N/A
00143119550,P01B,Chloroquine,Chloroquine Phosphate
00131541070,N03A,Lacosamide,Lacosamide Oral Solution
00168026615,C05A,Betamethasone Dipro 0.05% Augmented Gel,Betamethasone Dipro 0.05% Augmented Gel
00074347303,L02A,Leuprolide Acetate,Leuprolide Acetate
32909094503,N/A,Volumen (Barium Sulfate 0.1% Suspension),Volumen (Barium Sulfate 0.1% Suspension)
66758001604,C01C,PHENYLEPHrine,N/A
00003085222,L01E,Dasatinib,Dasatinib
51079087020,N03A,Carbamazepine Chewable Tabs,Carbamazepine Chewable Tabs
00430075227,A07E,Mesalamine DR,Mesalamine DR
00555080802,L01X,Tretinoin (ATRA-All Transretinoic Acid),Tretinoin (ATRA-All Transretinoic Acid)
10122090212,N/A,Zyflo,*NF* Zileuton SR
00409650901,J01X,Vancomycin,N/A
50242006401,L01E,*NF* Erlotinib,*NF* Erlotinib
00409318101,N01B,Lidocaine 1.5%/Epinephrine P.F.,Lidocaine 1.5%/Epinephrine P.F.
62756035664,A04A,ond,Ondansetron ODT
68084004401,N06A,Paroxetine,Paroxetine
00009003928,H02A,MethylPREDNISolone Sod Succ ,N/A
63323031510,J05A,Ganciclovir,N/A
00085177701,J01M,Ciprofloxacin HCl,Ciprofloxacin Suspension
44206310101,J06B,Cytomegalovirus Immune Glob,N/A
63459060010,L01X,Arsenic Trioxide *NF*,N/A
00378204201,G02C,Bromocriptine Mesylate,Bromocriptine Mesylate
00591048701,G03C,Estradiol,Estradiol
49884029812,J01C,Amoxicillin-Clavulanic Acid,Amoxicillin-Clavulanic Acid
00009041701,G03B,Testosterone Cypionate,Testosterone Cypionate
00781176413,N06A,Imipramine,Imipramine
00409335601,N02A,HYDROmorphone,N/A
00591354060,N06A,BuPROPion (Sustained Release),BuPROPion (Sustained Release)
63323065210,C07A,Esmolol,Esmolol
59338077510,N/A,Feraheme,Ferumoxytol
00472003616,A01A,Peridex,Chlorhexidine Gluconate
00904016012,C05A,Hydrocortisone Acetate Suppository,Hydrocortisone Acetate Suppository
66302010101,B01A,Treprostinil Sodium,N/A
63402030430,N05A,Latuda,Lurasidone *NF*
00378622001,C07A,Propranolol LA,Propranolol LA
79511050204,N/A,Coal Tar 3% Shampoo,Coal Tar 3% Shampoo
00378504191,J05A,Stavudine,Stavudine
51672126403,C05A,Fluocinonide 0.05% Ointment,Fluocinonide 0.05% Ointment
17478015142,J04A,Rifampin,N/A
00172375473,L01C,PACLItaxel (TaxOL),N/A
50222026006,D05A,Calcipotriene 0.005% Cream,Calcipotriene 0.005% Cream
13310011907,M04A,Colchicine,Colchicine Suspension
67386041151,L01X,Asparaginase,N/A
00904792638,S01A,Erythromycin,Erythromycin 0.5% Ophth Oint
00078049561,L03A,Aldesleukin,N/A
50242006201,L01E,*NF* Erlotinib,*NF* Erlotinib
00173073002,N06A,Wellbutrin XL,*NF* BuPROPion XL
68546031730,L03A,glatiramer,*NF* Glatiramer Acetate
49702020718,J05A,Fosamprenavir,Fosamprenavir
00009722402,L04A,Atgam,N/A
00054019813,J05A,famciclovir,*NF* Famciclovir
00173052600,N03A,LaMOTrigine,LaMOTrigine
00168006460,C05A,fluocinolone,Fluocinolone Acetonide 0.025% Ointment
00378041501,A03B,Diphenoxylate-Atropine,Diphenoxylate-Atropine
00781328379,L01B,Gemcitabine,N/A
36000000124,J01X,metroNIDAZOLE Desensitization,N/A
00062017512,D10A,Tretinoin 0.05% Cream,Tretinoin 0.05% Cream
55390056605,N/A,Diltia,Diltiazem
00168005760,C05A,Betamethasone Dipro 0.05% Lot.,Betamethasone Dipro 0.05% Lot.
00054007928,A07E,balsalazide,*NF* Balsalazide Disodium
51672126302,D07C,Nystatin Cream,Nystatin Cream
00003049420,H02A,Triamcinolone Acetonide,N/A
62856058230,N03A,Rufinamide,Rufinamide
17478020012,S01F,Phenylephrine 2.5 % Ophth Soln,Phenylephrine 2.5 % Ophth Soln
24208058564,S01F,Tropicamide 1 %,Tropicamide 1 %
51079059720,R06A,cet,*NF* Cetirizine
68084024301,J01F,Clindamycin,Clindamycin
00944270007,J06B,GammaGARD Liquid,N/A
00121177510,N02A,Guaifenesin-CODEINE Phosphate,Guaifenesin-CODEINE Phosphate
00409339732,A11G,Ascorbate Sodium,N/A
55513002304,B03X,darbepoetin alfa in polysorbat,*NF* Darbepoetin Alfa-Albumin
00093075601,M01A,Piroxicam,Piroxicam
17478020020,S01F,Phenylephrine 2.5 % Ophth Soln,Phenylephrine 2.5 % Ophth Soln
66521020002,N/A,Influenza A (H1N1) Vac 09 (PF),Influenza A (H1N1) Vaccine
68084038801,N04A,Benztropine Mesylate,Benztropine Mesylate
00121065304,N05A,Fluphenazine,Fluphenazine Oral Concentrate
00172524160,L01X,Agrylin (anagrelide) 0.5mg CAP,*NF* Anagrelide
00472038045,C05A,Betamethasone Dipro 0.05% Cream,Betamethasone Dipro 0.05% Cream
50383081016,J05A,Acyclovir,Acyclovir Suspension
63323027205,N05A,Fluphenazine,Fluphenazine DECANOATE
00186085981,N01B,Ropivacaine 0.2%,N/A
00074364103,L02A,Leuprolide Acetate,Leuprolide Acetate
00555097102,N06B,Adderall,*NF* ADDerall
63323047820,N01B,Chloroprocaine 3% MPF,Chloroprocaine 3% MPF
00002762301,L01B,Pemetrexed,N/A
00007440106,L01B,Nelarabine (NF),N/A
00046087221,G03C,Estrogens Conjugated,Estrogens Conjugated Vag. Cream
00409311831,A11G,Ascorbic Acid,N/A
42023011801,R06A,Trimethobenzamide,Trimethobenzamide
00781523864,A04A,Ondansetron ODT,Ondansetron ODT
17478010112,S01F,Tropicamide 0.5% Ophth Soln,Tropicamide 0.5% Ophth Soln
00074118701,N05A,Droperidol,N/A
00527172874,N/A,Cocaine 4% Soln,Cocaine 4% Soln
50458058010,B01A,Rivaroxaban,Rivaroxaban
00023916330,S01X,Restasis,*NF* Cyclosporine 0.05% Ophth
66213042316,A03C,Donnatol,Donnatol (Elixir)
00409741903,N/A,Dextran 40 10% in NS,N/A
63459039120,L01A,BENDAmustine,N/A
24208029525,S01C,Tobramycin-Dexamethasone Ophth Susp,Tobramycin-Dexamethasone Ophth Susp
51285076993,G03A,Plan B,Levonorgestrel
00904525530,N02B,Acetaminophen,Acetaminophen (Liquid)
55390003310,L01B,Methotrexate Sodium P.F.,N/A
57902024901,L01X,Asparaginase (Erwinia chrysan),N/A
65483011607,L03A,Aldesleukin,N/A
00904624261,N06D,Donepezil,Donepezil
00028007201,R03C,Terbutaline Sulfate,Terbutaline Sulfate
00409978903,N/A,Fat Emulsion 20%,N/A
00703418301,L01C,VinORELbine (Navelbine),N/A
68462035901,M01A,Nabumetone,Nabumetone
00409592101,R03D,Aminophylline,N/A
52544047108,G03C,Estraderm,*NF* Estraderm
37205098869,N07B,Nicotine Lozenge,Nicotine Lozenge
51672208001,D01B,Terbinafine 1% Cream,Terbinafine 1% Cream
00013111410,B02A,Tranexamic Acid,N/A
18860034201,N04B,Parcopa,*NF* Carbidopa-Levodopa (25-100)
63323029766,N01A,Propofol,Propofol
51991041702,N03A,Mephobarbital,*NF* Mephobarbital
00093731601,H01B,Desmopressin Acetate,Desmopressin Acetate
49999074704,D01A,Selenium Sulfide,Selenium Sulfide
25208000202,B01A,Tirofiban,N/A
00078034161,H01C,octreotide acetate,*NF* Octreotide LAR Depot
18006333453,N/A,Peramivir,N/A
60492005201,J06B,Hepatitis B Immu Glob (HepaGam B),N/A
00093721201,A10B,MetFORMIN XR (Glucophage XR),MetFORMIN XR (Glucophage XR)
63323049089,C01B,Lidocaine 4% MPF,Lidocaine 4% MPF
49281000950,N/A,Influenza Virus Vaccine,Influenza Virus Vaccine *Latex Free*
68546014256,N04B,rasagiline,*NF* Rasagiline
25010071115,N/A,carbidopa,*NF* Carbidopa
00310028039,N05A,Quetiapine extended-release,Quetiapine extended-release
00186041201,N01B,Mepivacaine 1%,Mepivacaine 1%
65649030141,A07A,Rifaximin,Rifaximin
00168004046,C05A,betamethasone,Betamethasone Valerate 0.1% Cream
49884065001,M01A,Nabumetone,Nabumetone
51079062485,D06B,Sulfamylon,*NF* Mafenide acetate
50458058601,N06B,Concerta,*NF* MethylPHENIDATE E.R. (CONCERTA)
00172717149,A02B,Cimetidine,Cimetidine
68152010100,V03A,Levoleucovorin,N/A
00071041724,C01D,Nitroglycerin SL,Nitroglycerin SL
00469882030,N/A,Selenious Acid,N/A
00327001105,N/A,Renacidin,*NF* Renacidin Soln
00378015601,M04A,Probenecid,Probenecid
00026848858,L01E,*NF* Sorafenib,*NF* Sorafenib
68258912401,J02A,Flucytosine,Flucytosine Suspension
43068011304,N05A,Iloperidone,Iloperidone
43068010602,N05A,Iloperidone,Iloperidone
43068010202,N05A,Iloperidone,Iloperidone
67457021501,L01A,Melphalan,N/A
00247108052,N01B,Ethyl Chloride,Ethyl Chloride
00703301513,L01B,Fluorouracil,N/A
00065009205,N/A,Fluorescein,N/A
67457019015,V04C,edrophonium chloride,Edrophonium Chloride
24208045725,S01B,diclofenac sodium,*NF* Diclofenac 0.1% Ophth
55390003010,L01A,Thiotepa,N/A
00409317802,N01B,"Lidocaine 1%/Epinephrine 1:100,000","Lidocaine 1%/Epinephrine 1:100,000"
63481062410,N02A,Oxymorphone HCl,Oxymorphone
44087081808,G03D,Crinone,*NF* Progesterone Micronized 8% Gel
00074334603,L02A,Leuprolide Acetate,Leuprolide Acetate
00093542088,G02C,cabergoline,*NF* Cabergoline
00409741803,N/A,Dextran 40 10% in D5W,N/A
13533063402,J06A,Tetanus Immune Globulin,Tetanus Immune Globulin
00469352530,N/A,Telavancin *NF*,N/A
00088250033,A10A,Apidra,Insulin Glulisine *NF*
59572030250,L01A,Melphalan,Melphalan
00406991816,N06A,Nortriptyline,Nortriptyline
00904580961,C09A,Lisinopril,Lisinopril
63010001030,J05A,Nelfinavir Mesylate,NelFINavir Mesylate
00182070389,C01D,Nitroglycerin SR,Nitroglycerin SR
59148001665,N05A,Aripiprazole,Aripiprazole
00409212288,C09A,Enalaprilat,N/A
76336045517,V04C,metyrapone,*NF* Metyrapone
00078047015,V03A,Exjade,*NF* Deferasirox
00003218710,L04A,*NF* Abatacept,N/A
10148010200,B01A,Iloprost,*NF* Iloprost
60977001701,N02A,morphine,Morphine Sulfate PF
63323028565,N01B,Ropivacaine 0.2%,N/A
16500053504,A07X,Citracal + D,*NF* Calcium Citrate-Vitamin D3
67066000501,N/A,Secretin,Secretin
08881200441,N/A,Insulin,Insulin Syringe U-100
51285069702,N07A,Bethanechol,Bethanechol
00074433902,L04A,Humira,*NF* Adalimumab
15456098004,G04B,Sanctura XR,*NF* Trospium
00713016612,N02C,Ergotamine-Caffeine,Ergotamine-Caffeine (Rectal)
00003256016,J01D,Aztreonam  Desensitization ,N/A
00145430001,D05B,Soriatane CK,Acitretin *NF*
00009347503,H02A,Methylprednisolone ACETATE,Methylprednisolone ACETATE
00173013093,L01A,Melphalan,N/A
00078037742,G03F,CombiPatch,*NF* Estradiol-Norethindrone Acet Patch
00173075600,N03A,LaMICtal,LaMOTrigine (Lamictal Brand) *NF*
00062141101,G03D,norethindrone (contraceptive),*NF* Norethindrone (0.35mg Tab)
00517381025,R03D,Aminophylline,N/A
00574410310,S03A,Neomycin-Polymyxin-HC Otic Susp,Neomycin-Polymyxin-HC Otic Susp
00409263450,N02A,HYDROmorphone-HP,N/A
00173056200,N02C,Amerge,*NF* Naratriptan
00004024009,A04A,Granisetron HCl,Granisetron HCl
00004024126,A04A,Granisetron HCl,Granisetron HCl
67386031001,N05B,clobazam,Clobazam *NF*
00009509101,L01D,*NF* Epirubicin,N/A
00078033931,N06D,Exelon,*NF* Rivastigmine Tartrate Oral Soln
00472038115,C05A,Betamethasone Dipro 0.05% Oint,Betamethasone Dipro 0.05% Oint
58468010001,L01B,Clofarabine or Placebo (*IND*),N/A
24571010305,N/A,PrismaSol  (B32 K0),N/A
52054033010,P01B,Pyrimethamine Desensitization,Pyrimethamine Desensitization
27505000165,N/A,Dantrolene Sodium,N/A
00093748520,A04A,Kytril,Granisetron *NF*
49281025051,J07B,Rabies Vaccine,Rabies Vaccine
13533061803,J06B,Rabies Immune Globulin,Rabies Immune Globulin
13533061810,J06B,Rabies Immune Globulin,Rabies Immune Globulin
44206043605,J06B,Privigen,N/A
00472037145,C05A,Betamethasone Valerate 0.1% Ointment,Betamethasone Valerate 0.1% Ointment
54629014510,C05A,Silibinin (*IND*),N/A
61570030031,R01A,Epinephrine Topical Soln,Epinephrine Topical Soln
00074744501,A02B,Cimetidine HCl,N/A
00185027101,A14A,Oxandrolone,*NF* Oxandrolone
58468035703,L04A,Alemtuzumab,N/A
55390047510,N01A,Ketamine,Ketamine
68094021762,A07D,Loperamide,Loperamide
00409477886,J01M,Ciprofloxacin,N/A
51079032301,L02B,anastrozole,*NF* Anastrozole
00004082009,J05A,Oseltamivir,Oseltamivir Suspension
63304055201,N05B,Clorazepate Dipotassium,Clorazepate Dipotassium
63323018610,B05X,Sodium Chloride,Sodium Chloride 0.9% (P.F.)
52015008001,A07A,fidaxomicin,*NF* Fidaxomicin
00069080760,J05A,Maraviroc,Maraviroc
55566840101,L02B,degarelix,Degarelix
66658023407,L04A,anakinra,Anakinra *NF*
00169368512,A10A,Insulin,*NF* NovoLOG Mix 70-30 Insulin
66658023428,L04A,anakINRA,Anakinra *NF*
57665000202,L01X,*NF* Pegaspargase,N/A
00069077038,L01E,*NF* Sunitinib,*NF* Sunitinib
00536623772,S01X,Hydroxypropyl Methylcellulose,Hydroxypropyl Methylcellulose
39822015101,H03A,liothyronine,Liothyronine Sodium
00069080860,J05A,Maraviroc,Maraviroc
00409405101,J01F,Clindamycin Phosphate,N/A
00093065801,A11C,Calcitriol,Calcitriol
00574711212,N02A,Morphine Sulfate,Morphine Sulfate (Rectal)
51285094288,G03A,Levonorgestrel,Levonorgestrel
63323029730,N01A,Propofol,Propofol
00087565041,N02A,*NF* Butorphanol Tart. Nasal,*NF* Butorphanol Tart. Nasal
76329301205,C05A,Lidocaine Jelly 2% (Urojet),Lidocaine Jelly 2% (Urojet)
00904125061,N02B,Salsalate,Salsalate
